doctor_id,doctor_name,specialization,total_appointments,rank_position
37,Doctor_37,"General Medicine",51,1
225,Doctor_225,Orthopedics,49,2
209,Doctor_209,"General Medicine",47,3
300,Doctor_300,Orthopedics,47,3
17,Doctor_17,Pediatrics,46,5
35,Doctor_35,Neurology,46,5
143,Doctor_143,Pediatrics,46,5
12,Doctor_12,Pediatrics,45,8
13,Doctor_13,Orthopedics,45,8
16,Doctor_16,Pediatrics,44,10
19,Doctor_19,Pediatrics,43,11
54,Doctor_54,"General Medicine",43,11
106,Doctor_106,Pediatrics,43,11
253,Doctor_253,"General Medicine",43,11
36,Doctor_36,Neurology,42,15
87,Doctor_87,Cardiology,42,15
189,Doctor_189,Cardiology,42,15
203,Doctor_203,Orthopedics,42,15
227,Doctor_227,Neurology,42,15
11,Doctor_11,Orthopedics,41,20
27,Doctor_27,Orthopedics,41,20
30,Doctor_30,Cardiology,41,20
51,Doctor_51,Neurology,41,20
80,Doctor_80,"General Medicine",41,20
82,Doctor_82,Neurology,41,20
105,Doctor_105,Orthopedics,41,20
179,Doctor_179,Cardiology,41,20
239,Doctor_239,"General Medicine",41,20
294,Doctor_294,Cardiology,41,20
31,Doctor_31,Pediatrics,40,30
259,Doctor_259,"General Medicine",40,30
287,Doctor_287,Neurology,40,30
292,Doctor_292,Pediatrics,40,30
49,Doctor_49,Neurology,39,34
52,Doctor_52,Cardiology,39,34
58,Doctor_58,"General Medicine",39,34
61,Doctor_61,Cardiology,39,34
85,Doctor_85,Orthopedics,39,34
94,Doctor_94,Cardiology,39,34
114,Doctor_114,Orthopedics,39,34
139,Doctor_139,Orthopedics,39,34
145,Doctor_145,Neurology,39,34
165,Doctor_165,Neurology,39,34
233,Doctor_233,Pediatrics,39,34
237,Doctor_237,Neurology,39,34
262,Doctor_262,Cardiology,39,34
18,Doctor_18,Orthopedics,38,47
21,Doctor_21,Orthopedics,38,47
42,Doctor_42,Cardiology,38,47
59,Doctor_59,Orthopedics,38,47
66,Doctor_66,Pediatrics,38,47
77,Doctor_77,Neurology,38,47
103,Doctor_103,"General Medicine",38,47
107,Doctor_107,Neurology,38,47
111,Doctor_111,Neurology,38,47
116,Doctor_116,Orthopedics,38,47
126,Doctor_126,Pediatrics,38,47
167,Doctor_167,"General Medicine",38,47
173,Doctor_173,Orthopedics,38,47
256,Doctor_256,Orthopedics,38,47
298,Doctor_298,Cardiology,38,47
57,Doctor_57,Cardiology,37,62
70,Doctor_70,Cardiology,37,62
96,Doctor_96,Neurology,37,62
119,Doctor_119,"General Medicine",37,62
125,Doctor_125,Pediatrics,37,62
130,Doctor_130,Neurology,37,62
137,Doctor_137,"General Medicine",37,62
140,Doctor_140,Orthopedics,37,62
150,Doctor_150,Orthopedics,37,62
151,Doctor_151,Pediatrics,37,62
182,Doctor_182,Cardiology,37,62
214,Doctor_214,Cardiology,37,62
219,Doctor_219,"General Medicine",37,62
244,Doctor_244,Pediatrics,37,62
246,Doctor_246,Pediatrics,37,62
293,Doctor_293,Neurology,37,62
23,Doctor_23,Pediatrics,36,78
32,Doctor_32,Pediatrics,36,78
55,Doctor_55,Pediatrics,36,78
68,Doctor_68,Orthopedics,36,78
73,Doctor_73,Orthopedics,36,78
93,Doctor_93,Cardiology,36,78
100,Doctor_100,Cardiology,36,78
117,Doctor_117,Orthopedics,36,78
129,Doctor_129,Cardiology,36,78
131,Doctor_131,Cardiology,36,78
132,Doctor_132,Neurology,36,78
133,Doctor_133,Neurology,36,78
162,Doctor_162,Pediatrics,36,78
169,Doctor_169,Cardiology,36,78
186,Doctor_186,Cardiology,36,78
212,Doctor_212,Cardiology,36,78
221,Doctor_221,Neurology,36,78
231,Doctor_231,Cardiology,36,78
243,Doctor_243,"General Medicine",36,78
272,Doctor_272,Cardiology,36,78
279,Doctor_279,Neurology,36,78
284,Doctor_284,Cardiology,36,78
10,Doctor_10,"General Medicine",35,100
26,Doctor_26,Pediatrics,35,100
33,Doctor_33,Cardiology,35,100
63,Doctor_63,Pediatrics,35,100
67,Doctor_67,Pediatrics,35,100
71,Doctor_71,Orthopedics,35,100
76,Doctor_76,Pediatrics,35,100
89,Doctor_89,Cardiology,35,100
92,Doctor_92,Pediatrics,35,100
108,Doctor_108,Cardiology,35,100
112,Doctor_112,Cardiology,35,100
128,Doctor_128,Orthopedics,35,100
147,Doctor_147,Cardiology,35,100
157,Doctor_157,Neurology,35,100
160,Doctor_160,Cardiology,35,100
216,Doctor_216,Neurology,35,100
232,Doctor_232,Pediatrics,35,100
240,Doctor_240,Neurology,35,100
261,Doctor_261,Pediatrics,35,100
271,Doctor_271,Neurology,35,100
274,Doctor_274,Cardiology,35,100
297,Doctor_297,"General Medicine",35,100
4,Doctor_4,Pediatrics,34,122
5,Doctor_5,Cardiology,34,122
14,Doctor_14,"General Medicine",34,122
43,Doctor_43,"General Medicine",34,122
47,Doctor_47,"General Medicine",34,122
53,Doctor_53,Cardiology,34,122
134,Doctor_134,Orthopedics,34,122
141,Doctor_141,Pediatrics,34,122
187,Doctor_187,Orthopedics,34,122
194,Doctor_194,Neurology,34,122
205,Doctor_205,Orthopedics,34,122
206,Doctor_206,Cardiology,34,122
217,Doctor_217,Cardiology,34,122
228,Doctor_228,Cardiology,34,122
229,Doctor_229,Orthopedics,34,122
234,Doctor_234,Cardiology,34,122
248,Doctor_248,Cardiology,34,122
258,Doctor_258,Pediatrics,34,122
281,Doctor_281,Orthopedics,34,122
282,Doctor_282,Cardiology,34,122
3,Doctor_3,Cardiology,33,142
7,Doctor_7,Cardiology,33,142
24,Doctor_24,Pediatrics,33,142
38,Doctor_38,Pediatrics,33,142
44,Doctor_44,"General Medicine",33,142
60,Doctor_60,Neurology,33,142
72,Doctor_72,Cardiology,33,142
75,Doctor_75,Orthopedics,33,142
84,Doctor_84,Pediatrics,33,142
110,Doctor_110,Orthopedics,33,142
124,Doctor_124,"General Medicine",33,142
148,Doctor_148,"General Medicine",33,142
153,Doctor_153,Cardiology,33,142
154,Doctor_154,Pediatrics,33,142
178,Doctor_178,Pediatrics,33,142
181,Doctor_181,Cardiology,33,142
196,Doctor_196,Cardiology,33,142
218,Doctor_218,Pediatrics,33,142
220,Doctor_220,Pediatrics,33,142
245,Doctor_245,Neurology,33,142
270,Doctor_270,Neurology,33,142
285,Doctor_285,Cardiology,33,142
1,Doctor_1,Orthopedics,32,164
22,Doctor_22,"General Medicine",32,164
25,Doctor_25,Pediatrics,32,164
39,Doctor_39,Neurology,32,164
46,Doctor_46,Pediatrics,32,164
74,Doctor_74,Cardiology,32,164
81,Doctor_81,Pediatrics,32,164
98,Doctor_98,"General Medicine",32,164
101,Doctor_101,"General Medicine",32,164
144,Doctor_144,Cardiology,32,164
155,Doctor_155,Orthopedics,32,164
156,Doctor_156,Cardiology,32,164
163,Doctor_163,Orthopedics,32,164
171,Doctor_171,"General Medicine",32,164
174,Doctor_174,Cardiology,32,164
191,Doctor_191,Cardiology,32,164
211,Doctor_211,"General Medicine",32,164
247,Doctor_247,Neurology,32,164
254,Doctor_254,Orthopedics,32,164
265,Doctor_265,Pediatrics,32,164
266,Doctor_266,"General Medicine",32,164
273,Doctor_273,Cardiology,32,164
278,Doctor_278,Neurology,32,164
280,Doctor_280,Neurology,32,164
28,Doctor_28,"General Medicine",31,188
41,Doctor_41,Orthopedics,31,188
56,Doctor_56,Cardiology,31,188
62,Doctor_62,Orthopedics,31,188
64,Doctor_64,Orthopedics,31,188
86,Doctor_86,"General Medicine",31,188
88,Doctor_88,Pediatrics,31,188
121,Doctor_121,Cardiology,31,188
122,Doctor_122,"General Medicine",31,188
146,Doctor_146,Orthopedics,31,188
149,Doctor_149,"General Medicine",31,188
177,Doctor_177,Orthopedics,31,188
195,Doctor_195,Neurology,31,188
199,Doctor_199,"General Medicine",31,188
200,Doctor_200,Orthopedics,31,188
277,Doctor_277,Neurology,31,188
283,Doctor_283,"General Medicine",31,188
289,Doctor_289,Orthopedics,31,188
9,Doctor_9,Pediatrics,30,206
29,Doctor_29,"General Medicine",30,206
34,Doctor_34,"General Medicine",30,206
40,Doctor_40,Orthopedics,30,206
50,Doctor_50,"General Medicine",30,206
83,Doctor_83,Cardiology,30,206
95,Doctor_95,Cardiology,30,206
99,Doctor_99,"General Medicine",30,206
123,Doctor_123,Orthopedics,30,206
175,Doctor_175,Neurology,30,206
190,Doctor_190,Neurology,30,206
204,Doctor_204,Neurology,30,206
207,Doctor_207,Pediatrics,30,206
223,Doctor_223,Orthopedics,30,206
230,Doctor_230,Pediatrics,30,206
238,Doctor_238,"General Medicine",30,206
241,Doctor_241,Cardiology,30,206
257,Doctor_257,"General Medicine",30,206
263,Doctor_263,Neurology,30,206
269,Doctor_269,Orthopedics,30,206
296,Doctor_296,"General Medicine",30,206
45,Doctor_45,Neurology,29,227
69,Doctor_69,"General Medicine",29,227
90,Doctor_90,Orthopedics,29,227
104,Doctor_104,Cardiology,29,227
109,Doctor_109,Neurology,29,227
118,Doctor_118,Cardiology,29,227
127,Doctor_127,"General Medicine",29,227
136,Doctor_136,Cardiology,29,227
166,Doctor_166,Pediatrics,29,227
170,Doctor_170,Pediatrics,29,227
180,Doctor_180,Cardiology,29,227
183,Doctor_183,Orthopedics,29,227
185,Doctor_185,"General Medicine",29,227
201,Doctor_201,Neurology,29,227
202,Doctor_202,Neurology,29,227
210,Doctor_210,Neurology,29,227
242,Doctor_242,Pediatrics,29,227
250,Doctor_250,Neurology,29,227
255,Doctor_255,Neurology,29,227
260,Doctor_260,Pediatrics,29,227
264,Doctor_264,"General Medicine",29,227
286,Doctor_286,"General Medicine",29,227
6,Doctor_6,Orthopedics,28,249
78,Doctor_78,Pediatrics,28,249
91,Doctor_91,Neurology,28,249
102,Doctor_102,Pediatrics,28,249
120,Doctor_120,Orthopedics,28,249
158,Doctor_158,Pediatrics,28,249
168,Doctor_168,Pediatrics,28,249
208,Doctor_208,Pediatrics,28,249
224,Doctor_224,"General Medicine",28,249
251,Doctor_251,"General Medicine",28,249
252,Doctor_252,Pediatrics,28,249
275,Doctor_275,Neurology,28,249
291,Doctor_291,"General Medicine",28,249
113,Doctor_113,Cardiology,27,262
115,Doctor_115,Cardiology,27,262
152,Doctor_152,Pediatrics,27,262
164,Doctor_164,Pediatrics,27,262
193,Doctor_193,Cardiology,27,262
226,Doctor_226,Orthopedics,27,262
249,Doctor_249,Neurology,27,262
267,Doctor_267,"General Medicine",27,262
288,Doctor_288,Orthopedics,27,262
48,Doctor_48,Neurology,26,271
79,Doctor_79,Cardiology,26,271
97,Doctor_97,Cardiology,26,271
135,Doctor_135,"General Medicine",26,271
138,Doctor_138,Pediatrics,26,271
142,Doctor_142,Cardiology,26,271
159,Doctor_159,Pediatrics,26,271
161,Doctor_161,"General Medicine",26,271
172,Doctor_172,Cardiology,26,271
176,Doctor_176,Cardiology,26,271
184,Doctor_184,"General Medicine",26,271
188,Doctor_188,Orthopedics,26,271
198,Doctor_198,Pediatrics,26,271
215,Doctor_215,Cardiology,26,271
268,Doctor_268,Pediatrics,26,271
276,Doctor_276,Orthopedics,26,271
290,Doctor_290,Cardiology,26,271
65,Doctor_65,"General Medicine",25,288
236,Doctor_236,Pediatrics,25,288
295,Doctor_295,Orthopedics,25,288
2,Doctor_2,Pediatrics,24,291
15,Doctor_15,Orthopedics,24,291
213,Doctor_213,Pediatrics,24,291
222,Doctor_222,Pediatrics,24,291
192,Doctor_192,Neurology,23,295
20,Doctor_20,Pediatrics,22,296
197,Doctor_197,Neurology,22,296
235,Doctor_235,Cardiology,22,296
8,Doctor_8,"General Medicine",21,299
299,Doctor_299,Pediatrics,21,299
