Doctor_Name,specialization,total_diagnoses
Doctor_1,Orthopedics,48
Doctor_2,Pediatrics,48
Doctor_3,Cardiology,59
Doctor_4,Pediatrics,60
Doctor_5,Cardiology,58
Doctor_6,Orthopedics,57
Doctor_7,Cardiology,55
Doctor_8,"General Medicine",46
Doctor_9,Pediatrics,47
Doctor_10,"General Medicine",53
Doctor_11,Orthopedics,53
Doctor_12,Pediatrics,46
Doctor_13,Orthopedics,39
Doctor_14,"General Medicine",43
Doctor_15,Orthopedics,49
Doctor_16,Pediatrics,51
Doctor_17,Pediatrics,47
Doctor_18,Orthopedics,54
Doctor_19,Pediatrics,50
Doctor_20,Pediatrics,57
Doctor_21,Orthopedics,42
Doctor_22,"General Medicine",37
Doctor_23,Pediatrics,53
Doctor_24,Pediatrics,48
Doctor_25,Pediatrics,44
Doctor_26,Pediatrics,56
Doctor_27,Orthopedics,54
Doctor_28,"General Medicine",54
Doctor_29,"General Medicine",61
Doctor_30,Cardiology,64
Doctor_31,Pediatrics,39
Doctor_32,Pediatrics,53
Doctor_33,Cardiology,48
Doctor_34,"General Medicine",38
Doctor_35,Neurology,58
Doctor_36,Neurology,51
Doctor_37,"General Medicine",56
Doctor_38,Pediatrics,41
Doctor_39,Neurology,42
Doctor_40,Orthopedics,51
Doctor_41,Orthopedics,55
Doctor_42,Cardiology,49
Doctor_43,"General Medicine",44
Doctor_44,"General Medicine",42
Doctor_45,Neurology,59
Doctor_46,Pediatrics,67
Doctor_47,"General Medicine",53
Doctor_48,Neurology,47
Doctor_49,Neurology,45
Doctor_50,"General Medicine",48
Doctor_51,Neurology,58
Doctor_52,Cardiology,57
Doctor_53,Cardiology,41
Doctor_54,"General Medicine",40
Doctor_55,Pediatrics,42
Doctor_56,Cardiology,65
Doctor_57,Cardiology,49
Doctor_58,"General Medicine",57
Doctor_59,Orthopedics,41
Doctor_60,Neurology,46
Doctor_61,Cardiology,59
Doctor_62,Orthopedics,50
Doctor_63,Pediatrics,48
Doctor_64,Orthopedics,45
Doctor_65,"General Medicine",60
Doctor_66,Pediatrics,50
Doctor_67,Pediatrics,40
Doctor_68,Orthopedics,54
Doctor_69,"General Medicine",45
Doctor_70,Cardiology,37
Doctor_71,Orthopedics,44
Doctor_72,Cardiology,54
Doctor_73,Orthopedics,54
Doctor_74,Cardiology,54
Doctor_75,Orthopedics,45
Doctor_76,Pediatrics,50
Doctor_77,Neurology,39
Doctor_78,Pediatrics,49
Doctor_79,Cardiology,56
Doctor_80,"General Medicine",43
Doctor_81,Pediatrics,48
Doctor_82,Neurology,51
Doctor_83,Cardiology,58
Doctor_84,Pediatrics,48
Doctor_85,Orthopedics,45
Doctor_86,"General Medicine",50
Doctor_87,Cardiology,51
Doctor_88,Pediatrics,36
Doctor_89,Cardiology,56
Doctor_90,Orthopedics,54
Doctor_91,Neurology,49
Doctor_92,Pediatrics,51
Doctor_93,Cardiology,48
Doctor_94,Cardiology,48
Doctor_95,Cardiology,51
Doctor_96,Neurology,49
Doctor_97,Cardiology,62
Doctor_98,"General Medicine",42
Doctor_99,"General Medicine",51
Doctor_100,Cardiology,49
Doctor_101,"General Medicine",64
Doctor_102,Pediatrics,50
Doctor_103,"General Medicine",44
Doctor_104,Cardiology,55
Doctor_105,Orthopedics,59
Doctor_106,Pediatrics,49
Doctor_107,Neurology,51
Doctor_108,Cardiology,47
Doctor_109,Neurology,52
Doctor_110,Orthopedics,40
Doctor_111,Neurology,41
Doctor_112,Cardiology,56
Doctor_113,Cardiology,57
Doctor_114,Orthopedics,45
Doctor_115,Cardiology,51
Doctor_116,Orthopedics,53
Doctor_117,Orthopedics,58
Doctor_118,Cardiology,58
Doctor_119,"General Medicine",46
Doctor_120,Orthopedics,48
Doctor_121,Cardiology,42
Doctor_122,"General Medicine",55
Doctor_123,Orthopedics,48
Doctor_124,"General Medicine",55
Doctor_125,Pediatrics,63
Doctor_126,Pediatrics,50
Doctor_127,"General Medicine",59
Doctor_128,Orthopedics,49
Doctor_129,Cardiology,54
Doctor_130,Neurology,44
Doctor_131,Cardiology,49
Doctor_132,Neurology,42
Doctor_133,Neurology,55
Doctor_134,Orthopedics,38
Doctor_135,"General Medicine",57
Doctor_136,Cardiology,39
Doctor_137,"General Medicine",56
Doctor_138,Pediatrics,56
Doctor_139,Orthopedics,51
Doctor_140,Orthopedics,56
Doctor_141,Pediatrics,56
Doctor_142,Cardiology,47
Doctor_143,Pediatrics,51
Doctor_144,Cardiology,43
Doctor_145,Neurology,59
Doctor_146,Orthopedics,58
Doctor_147,Cardiology,48
Doctor_148,"General Medicine",36
Doctor_149,"General Medicine",39
Doctor_150,Orthopedics,54
Doctor_151,Pediatrics,51
Doctor_152,Pediatrics,45
Doctor_153,Cardiology,39
Doctor_154,Pediatrics,46
Doctor_155,Orthopedics,58
Doctor_156,Cardiology,51
Doctor_157,Neurology,49
Doctor_158,Pediatrics,51
Doctor_159,Pediatrics,67
Doctor_160,Cardiology,48
Doctor_161,"General Medicine",57
Doctor_162,Pediatrics,63
Doctor_163,Orthopedics,63
Doctor_164,Pediatrics,47
Doctor_165,Neurology,49
Doctor_166,Pediatrics,52
Doctor_167,"General Medicine",58
Doctor_168,Pediatrics,43
Doctor_169,Cardiology,55
Doctor_170,Pediatrics,46
Doctor_171,"General Medicine",46
Doctor_172,Cardiology,56
Doctor_173,Orthopedics,45
Doctor_174,Cardiology,59
Doctor_175,Neurology,39
Doctor_176,Cardiology,56
Doctor_177,Orthopedics,53
Doctor_178,Pediatrics,51
Doctor_179,Cardiology,48
Doctor_180,Cardiology,47
Doctor_181,Cardiology,48
Doctor_182,Cardiology,41
Doctor_183,Orthopedics,46
Doctor_184,"General Medicine",50
Doctor_185,"General Medicine",43
Doctor_186,Cardiology,53
Doctor_187,Orthopedics,60
Doctor_188,Orthopedics,48
Doctor_189,Cardiology,61
Doctor_190,Neurology,61
Doctor_191,Cardiology,63
Doctor_192,Neurology,41
Doctor_193,Cardiology,48
Doctor_194,Neurology,59
Doctor_195,Neurology,43
Doctor_196,Cardiology,29
Doctor_197,Neurology,53
Doctor_198,Pediatrics,50
Doctor_199,"General Medicine",50
Doctor_200,Orthopedics,54
Doctor_201,Neurology,46
Doctor_202,Neurology,59
Doctor_203,Orthopedics,52
Doctor_204,Neurology,56
Doctor_205,Orthopedics,49
Doctor_206,Cardiology,34
Doctor_207,Pediatrics,41
Doctor_208,Pediatrics,51
Doctor_209,"General Medicine",57
Doctor_210,Neurology,36
Doctor_211,"General Medicine",37
Doctor_212,Cardiology,43
Doctor_213,Pediatrics,56
Doctor_214,Cardiology,53
Doctor_215,Cardiology,44
Doctor_216,Neurology,49
Doctor_217,Cardiology,43
Doctor_218,Pediatrics,53
Doctor_219,"General Medicine",48
Doctor_220,Pediatrics,44
Doctor_221,Neurology,59
Doctor_222,Pediatrics,48
Doctor_223,Orthopedics,48
Doctor_224,"General Medicine",39
Doctor_225,Orthopedics,59
Doctor_226,Orthopedics,41
Doctor_227,Neurology,33
Doctor_228,Cardiology,35
Doctor_229,Orthopedics,42
Doctor_230,Pediatrics,70
Doctor_231,Cardiology,57
Doctor_232,Pediatrics,45
Doctor_233,Pediatrics,38
Doctor_234,Cardiology,51
Doctor_235,Cardiology,59
Doctor_236,Pediatrics,65
Doctor_237,Neurology,57
Doctor_238,"General Medicine",50
Doctor_239,"General Medicine",52
Doctor_240,Neurology,53
Doctor_241,Cardiology,39
Doctor_242,Pediatrics,45
Doctor_243,"General Medicine",57
Doctor_244,Pediatrics,52
Doctor_245,Neurology,47
Doctor_246,Pediatrics,40
Doctor_247,Neurology,65
Doctor_248,Cardiology,48
Doctor_249,Neurology,40
Doctor_250,Neurology,57
Doctor_251,"General Medicine",54
Doctor_252,Pediatrics,33
Doctor_253,"General Medicine",25
Doctor_254,Orthopedics,57
Doctor_255,Neurology,54
Doctor_256,Orthopedics,46
Doctor_257,"General Medicine",57
Doctor_258,Pediatrics,45
Doctor_259,"General Medicine",53
Doctor_260,Pediatrics,64
Doctor_261,Pediatrics,51
Doctor_262,Cardiology,64
Doctor_263,Neurology,47
Doctor_264,"General Medicine",47
Doctor_265,Pediatrics,52
Doctor_266,"General Medicine",48
Doctor_267,"General Medicine",60
Doctor_268,Pediatrics,61
Doctor_269,Orthopedics,59
Doctor_270,Neurology,41
Doctor_271,Neurology,46
Doctor_272,Cardiology,52
Doctor_273,Cardiology,46
Doctor_274,Cardiology,45
Doctor_275,Neurology,54
Doctor_276,Orthopedics,54
Doctor_277,Neurology,46
Doctor_278,Neurology,44
Doctor_279,Neurology,45
Doctor_280,Neurology,40
Doctor_281,Orthopedics,75
Doctor_282,Cardiology,47
Doctor_283,"General Medicine",53
Doctor_284,Cardiology,54
Doctor_285,Cardiology,43
Doctor_286,"General Medicine",60
Doctor_287,Neurology,48
Doctor_288,Orthopedics,44
Doctor_289,Orthopedics,49
Doctor_290,Cardiology,50
Doctor_291,"General Medicine",56
Doctor_292,Pediatrics,53
Doctor_293,Neurology,54
Doctor_294,Cardiology,44
Doctor_295,Orthopedics,46
Doctor_296,"General Medicine",52
Doctor_297,"General Medicine",54
Doctor_298,Cardiology,49
Doctor_299,Pediatrics,45
Doctor_300,Orthopedics,32
