patient_id,Patient_Name
53,Patient_53
60,Patient_60
80,Patient_80
87,Patient_87
92,Patient_92
113,Patient_113
123,Patient_123
156,Patient_156
173,Patient_173
202,Patient_202
204,Patient_204
205,Patient_205
208,Patient_208
209,Patient_209
218,Patient_218
225,Patient_225
226,Patient_226
233,Patient_233
243,Patient_243
250,Patient_250
262,Patient_262
268,Patient_268
273,Patient_273
292,Patient_292
294,Patient_294
315,Patient_315
321,Patient_321
331,Patient_331
336,Patient_336
361,Patient_361
362,Patient_362
368,Patient_368
371,Patient_371
383,Patient_383
397,Patient_397
399,Patient_399
411,Patient_411
427,Patient_427
433,Patient_433
435,Patient_435
442,Patient_442
474,Patient_474
484,Patient_484
492,Patient_492
521,Patient_521
526,Patient_526
533,Patient_533
535,Patient_535
539,Patient_539
540,Patient_540
559,Patient_559
572,Patient_572
647,Patient_647
651,Patient_651
656,Patient_656
668,Patient_668
684,Patient_684
689,Patient_689
694,Patient_694
700,Patient_700
706,Patient_706
708,Patient_708
709,Patient_709
710,Patient_710
713,Patient_713
715,Patient_715
739,Patient_739
766,Patient_766
767,Patient_767
768,Patient_768
777,Patient_777
801,Patient_801
819,Patient_819
822,Patient_822
825,Patient_825
844,Patient_844
852,Patient_852
872,Patient_872
876,Patient_876
880,Patient_880
881,Patient_881
899,Patient_899
920,Patient_920
943,Patient_943
944,Patient_944
963,Patient_963
964,Patient_964
970,Patient_970
1022,Patient_1022
1029,Patient_1029
1036,Patient_1036
1049,Patient_1049
1066,Patient_1066
1070,Patient_1070
1074,Patient_1074
1093,Patient_1093
1095,Patient_1095
1104,Patient_1104
1107,Patient_1107
1117,Patient_1117
1123,Patient_1123
1130,Patient_1130
1132,Patient_1132
1142,Patient_1142
1148,Patient_1148
1184,Patient_1184
1186,Patient_1186
1214,Patient_1214
1220,Patient_1220
1236,Patient_1236
1260,Patient_1260
1271,Patient_1271
1289,Patient_1289
1313,Patient_1313
1329,Patient_1329
1331,Patient_1331
1336,Patient_1336
1347,Patient_1347
1348,Patient_1348
1350,Patient_1350
1356,Patient_1356
1357,Patient_1357
1368,Patient_1368
1389,Patient_1389
1406,Patient_1406
1418,Patient_1418
1437,Patient_1437
1440,Patient_1440
1445,Patient_1445
1449,Patient_1449
1465,Patient_1465
1492,Patient_1492
1493,Patient_1493
1494,Patient_1494
1499,Patient_1499
1500,Patient_1500
1528,Patient_1528
1532,Patient_1532
1540,Patient_1540
1552,Patient_1552
1575,Patient_1575
1587,Patient_1587
1594,Patient_1594
1599,Patient_1599
1600,Patient_1600
1608,Patient_1608
1612,Patient_1612
1617,Patient_1617
1639,Patient_1639
1656,Patient_1656
1668,Patient_1668
1679,Patient_1679
1687,Patient_1687
1693,Patient_1693
1701,Patient_1701
1707,Patient_1707
1711,Patient_1711
1726,Patient_1726
1727,Patient_1727
1737,Patient_1737
1738,Patient_1738
1745,Patient_1745
1748,Patient_1748
1754,Patient_1754
1763,Patient_1763
1771,Patient_1771
1790,Patient_1790
1813,Patient_1813
1818,Patient_1818
1825,Patient_1825
1827,Patient_1827
1848,Patient_1848
1850,Patient_1850
1852,Patient_1852
1857,Patient_1857
1879,Patient_1879
1892,Patient_1892
1894,Patient_1894
1898,Patient_1898
1909,Patient_1909
1912,Patient_1912
1919,Patient_1919
1930,Patient_1930
1937,Patient_1937
1941,Patient_1941
1956,Patient_1956
1963,Patient_1963
1965,Patient_1965
1982,Patient_1982
1984,Patient_1984
2009,Patient_2009
2017,Patient_2017
2021,Patient_2021
2026,Patient_2026
2027,Patient_2027
2029,Patient_2029
2031,Patient_2031
2035,Patient_2035
2036,Patient_2036
2044,Patient_2044
2052,Patient_2052
2054,Patient_2054
2058,Patient_2058
2065,Patient_2065
2091,Patient_2091
2097,Patient_2097
2098,Patient_2098
2118,Patient_2118
2121,Patient_2121
2132,Patient_2132
2143,Patient_2143
2152,Patient_2152
2159,Patient_2159
2181,Patient_2181
2195,Patient_2195
2196,Patient_2196
2199,Patient_2199
2218,Patient_2218
2233,Patient_2233
2239,Patient_2239
2253,Patient_2253
2256,Patient_2256
2258,Patient_2258
2266,Patient_2266
2269,Patient_2269
2295,Patient_2295
2296,Patient_2296
2306,Patient_2306
2316,Patient_2316
2327,Patient_2327
2335,Patient_2335
2345,Patient_2345
2360,Patient_2360
2371,Patient_2371
2375,Patient_2375
2377,Patient_2377
2379,Patient_2379
2389,Patient_2389
2390,Patient_2390
2395,Patient_2395
2396,Patient_2396
2422,Patient_2422
2436,Patient_2436
2438,Patient_2438
2441,Patient_2441
2476,Patient_2476
2506,Patient_2506
2513,Patient_2513
2520,Patient_2520
2534,Patient_2534
2544,Patient_2544
2547,Patient_2547
2555,Patient_2555
2561,Patient_2561
2562,Patient_2562
2580,Patient_2580
2591,Patient_2591
2594,Patient_2594
2607,Patient_2607
2609,Patient_2609
2629,Patient_2629
2630,Patient_2630
2651,Patient_2651
2662,Patient_2662
2668,Patient_2668
2681,Patient_2681
2682,Patient_2682
2688,Patient_2688
2689,Patient_2689
2698,Patient_2698
2699,Patient_2699
2720,Patient_2720
2727,Patient_2727
2736,Patient_2736
2745,Patient_2745
2758,Patient_2758
2768,Patient_2768
2771,Patient_2771
2772,Patient_2772
2784,Patient_2784
2792,Patient_2792
2803,Patient_2803
2810,Patient_2810
2813,Patient_2813
2818,Patient_2818
2829,Patient_2829
2851,Patient_2851
2860,Patient_2860
2873,Patient_2873
2879,Patient_2879
2888,Patient_2888
2901,Patient_2901
2908,Patient_2908
2912,Patient_2912
2935,Patient_2935
2938,Patient_2938
3011,Patient_3011
3014,Patient_3014
3021,Patient_3021
3078,Patient_3078
3081,Patient_3081
3087,Patient_3087
3107,Patient_3107
3131,Patient_3131
3134,Patient_3134
3142,Patient_3142
3143,Patient_3143
3156,Patient_3156
3169,Patient_3169
3170,Patient_3170
3184,Patient_3184
3185,Patient_3185
3195,Patient_3195
3199,Patient_3199
3202,Patient_3202
3241,Patient_3241
3243,Patient_3243
3254,Patient_3254
3274,Patient_3274
3279,Patient_3279
3283,Patient_3283
3294,Patient_3294
3317,Patient_3317
3323,Patient_3323
3335,Patient_3335
3345,Patient_3345
3346,Patient_3346
3352,Patient_3352
3355,Patient_3355
3359,Patient_3359
3387,Patient_3387
3449,Patient_3449
3451,Patient_3451
3471,Patient_3471
3474,Patient_3474
3493,Patient_3493
3504,Patient_3504
3508,Patient_3508
3513,Patient_3513
3535,Patient_3535
3543,Patient_3543
3552,Patient_3552
3573,Patient_3573
3576,Patient_3576
3578,Patient_3578
3596,Patient_3596
3612,Patient_3612
3625,Patient_3625
3637,Patient_3637
3646,Patient_3646
3660,Patient_3660
3670,Patient_3670
3674,Patient_3674
3683,Patient_3683
3688,Patient_3688
3758,Patient_3758
3770,Patient_3770
3771,Patient_3771
3779,Patient_3779
3785,Patient_3785
3795,Patient_3795
3797,Patient_3797
3812,Patient_3812
3845,Patient_3845
3857,Patient_3857
3869,Patient_3869
3870,Patient_3870
3872,Patient_3872
3908,Patient_3908
3916,Patient_3916
3925,Patient_3925
3941,Patient_3941
3945,Patient_3945
3956,Patient_3956
3966,Patient_3966
3970,Patient_3970
3974,Patient_3974
3975,Patient_3975
3996,Patient_3996
4000,Patient_4000
4001,Patient_4001
4011,Patient_4011
4012,Patient_4012
4013,Patient_4013
4014,Patient_4014
4020,Patient_4020
4030,Patient_4030
4031,Patient_4031
4043,Patient_4043
4053,Patient_4053
4066,Patient_4066
4073,Patient_4073
4084,Patient_4084
4117,Patient_4117
4127,Patient_4127
4131,Patient_4131
4133,Patient_4133
4154,Patient_4154
4166,Patient_4166
4173,Patient_4173
4180,Patient_4180
4197,Patient_4197
4199,Patient_4199
4204,Patient_4204
4205,Patient_4205
4214,Patient_4214
4216,Patient_4216
4226,Patient_4226
4248,Patient_4248
4257,Patient_4257
4266,Patient_4266
4276,Patient_4276
4283,Patient_4283
4286,Patient_4286
4287,Patient_4287
4323,Patient_4323
4325,Patient_4325
4328,Patient_4328
4332,Patient_4332
4333,Patient_4333
4339,Patient_4339
4341,Patient_4341
4354,Patient_4354
4373,Patient_4373
4385,Patient_4385
4398,Patient_4398
4462,Patient_4462
4471,Patient_4471
4480,Patient_4480
4484,Patient_4484
4501,Patient_4501
4506,Patient_4506
4516,Patient_4516
4519,Patient_4519
4544,Patient_4544
4551,Patient_4551
4555,Patient_4555
4561,Patient_4561
4573,Patient_4573
4588,Patient_4588
4590,Patient_4590
4618,Patient_4618
4623,Patient_4623
4625,Patient_4625
4628,Patient_4628
4629,Patient_4629
4634,Patient_4634
4641,Patient_4641
4673,Patient_4673
4679,Patient_4679
4700,Patient_4700
4703,Patient_4703
4712,Patient_4712
4719,Patient_4719
4721,Patient_4721
4732,Patient_4732
4743,Patient_4743
4747,Patient_4747
4761,Patient_4761
4766,Patient_4766
4767,Patient_4767
4768,Patient_4768
4769,Patient_4769
4792,Patient_4792
4803,Patient_4803
4812,Patient_4812
4815,Patient_4815
4821,Patient_4821
4830,Patient_4830
4831,Patient_4831
4833,Patient_4833
4863,Patient_4863
4872,Patient_4872
4878,Patient_4878
4880,Patient_4880
4883,Patient_4883
4896,Patient_4896
4915,Patient_4915
4940,Patient_4940
4946,Patient_4946
4948,Patient_4948
4955,Patient_4955
4965,Patient_4965
4967,Patient_4967
4988,Patient_4988
