patient_id,Patient_Name,age,gender,address,contact_number,appointment_id
11,Patient_11,47,Female,Address_11,98765430011,NULL
22,Patient_22,59,Female,Address_22,98765430022,NULL
35,Patient_35,38,Male,Address_35,98765430035,NULL
36,Patient_36,56,Female,Address_36,98765430036,NULL
45,Patient_45,88,Male,Address_45,98765430045,NULL
47,Patient_47,25,Male,Address_47,98765430047,NULL
55,Patient_55,71,Male,Address_55,98765430055,NULL
58,Patient_58,80,Male,Address_58,98765430058,NULL
76,Patient_76,62,Male,Address_76,98765430076,NULL
83,Patient_83,28,Male,Address_83,98765430083,NULL
87,Patient_87,50,Female,Address_87,98765430087,NULL
94,Patient_94,51,Female,Address_94,98765430094,NULL
104,Patient_104,20,Male,Address_104,98765430104,NULL
109,Patient_109,26,Male,Address_109,98765430109,NULL
118,Patient_118,60,Female,Address_118,98765430118,NULL
120,Patient_120,53,Female,Address_120,98765430120,NULL
127,Patient_127,59,Female,Address_127,98765430127,NULL
128,Patient_128,62,Male,Address_128,98765430128,NULL
140,Patient_140,79,Male,Address_140,98765430140,NULL
146,Patient_146,79,Female,Address_146,98765430146,NULL
167,Patient_167,36,Female,Address_167,98765430167,NULL
195,Patient_195,69,Male,Address_195,98765430195,NULL
201,Patient_201,74,Female,Address_201,98765430201,NULL
203,Patient_203,40,Male,Address_203,98765430203,NULL
216,Patient_216,26,Male,Address_216,98765430216,NULL
218,Patient_218,65,Male,Address_218,98765430218,NULL
222,Patient_222,71,Female,Address_222,98765430222,NULL
224,Patient_224,41,Female,Address_224,98765430224,NULL
236,Patient_236,85,Female,Address_236,98765430236,NULL
244,Patient_244,84,Male,Address_244,98765430244,NULL
248,Patient_248,76,Male,Address_248,98765430248,NULL
251,Patient_251,55,Male,Address_251,98765430251,NULL
260,Patient_260,81,Male,Address_260,98765430260,NULL
263,Patient_263,65,Female,Address_263,98765430263,NULL
275,Patient_275,41,Female,Address_275,98765430275,NULL
279,Patient_279,80,Female,Address_279,98765430279,NULL
284,Patient_284,42,Male,Address_284,98765430284,NULL
292,Patient_292,40,Female,Address_292,98765430292,NULL
298,Patient_298,26,Male,Address_298,98765430298,NULL
313,Patient_313,37,Female,Address_313,98765430313,NULL
314,Patient_314,82,Male,Address_314,98765430314,NULL
323,Patient_323,42,Male,Address_323,98765430323,NULL
324,Patient_324,75,Female,Address_324,98765430324,NULL
327,Patient_327,39,Male,Address_327,98765430327,NULL
347,Patient_347,33,Male,Address_347,98765430347,NULL
352,Patient_352,80,Male,Address_352,98765430352,NULL
356,Patient_356,79,Female,Address_356,98765430356,NULL
366,Patient_366,33,Male,Address_366,98765430366,NULL
383,Patient_383,65,Female,Address_383,98765430383,NULL
384,Patient_384,56,Female,Address_384,98765430384,NULL
386,Patient_386,40,Male,Address_386,98765430386,NULL
398,Patient_398,41,Male,Address_398,98765430398,NULL
404,Patient_404,52,Male,Address_404,98765430404,NULL
410,Patient_410,29,Female,Address_410,98765430410,NULL
413,Patient_413,50,Male,Address_413,98765430413,NULL
422,Patient_422,52,Female,Address_422,98765430422,NULL
424,Patient_424,43,Female,Address_424,98765430424,NULL
425,Patient_425,51,Female,Address_425,98765430425,NULL
448,Patient_448,79,Female,Address_448,98765430448,NULL
467,Patient_467,33,Female,Address_467,98765430467,NULL
475,Patient_475,22,Female,Address_475,98765430475,NULL
479,Patient_479,75,Male,Address_479,98765430479,NULL
490,Patient_490,22,Male,Address_490,98765430490,NULL
491,Patient_491,46,Female,Address_491,98765430491,NULL
496,Patient_496,34,Male,Address_496,98765430496,NULL
502,Patient_502,48,Male,Address_502,98765430502,NULL
504,Patient_504,78,Male,Address_504,98765430504,NULL
513,Patient_513,37,Male,Address_513,98765430513,NULL
535,Patient_535,36,Male,Address_535,98765430535,NULL
548,Patient_548,74,Male,Address_548,98765430548,NULL
551,Patient_551,89,Female,Address_551,98765430551,NULL
564,Patient_564,80,Male,Address_564,98765430564,NULL
586,Patient_586,80,Female,Address_586,98765430586,NULL
588,Patient_588,44,Male,Address_588,98765430588,NULL
604,Patient_604,68,Male,Address_604,98765430604,NULL
628,Patient_628,68,Male,Address_628,98765430628,NULL
636,Patient_636,69,Male,Address_636,98765430636,NULL
641,Patient_641,46,Male,Address_641,98765430641,NULL
653,Patient_653,40,Female,Address_653,98765430653,NULL
656,Patient_656,25,Male,Address_656,98765430656,NULL
665,Patient_665,67,Female,Address_665,98765430665,NULL
668,Patient_668,36,Male,Address_668,98765430668,NULL
671,Patient_671,59,Female,Address_671,98765430671,NULL
681,Patient_681,66,Female,Address_681,98765430681,NULL
682,Patient_682,62,Female,Address_682,98765430682,NULL
689,Patient_689,78,Male,Address_689,98765430689,NULL
700,Patient_700,43,Male,Address_700,98765430700,NULL
709,Patient_709,32,Female,Address_709,98765430709,NULL
729,Patient_729,23,Male,Address_729,98765430729,NULL
734,Patient_734,73,Male,Address_734,98765430734,NULL
736,Patient_736,87,Female,Address_736,98765430736,NULL
749,Patient_749,20,Male,Address_749,98765430749,NULL
753,Patient_753,41,Male,Address_753,98765430753,NULL
768,Patient_768,87,Female,Address_768,98765430768,NULL
780,Patient_780,28,Female,Address_780,98765430780,NULL
781,Patient_781,20,Male,Address_781,98765430781,NULL
802,Patient_802,66,Male,Address_802,98765430802,NULL
809,Patient_809,52,Male,Address_809,98765430809,NULL
817,Patient_817,28,Female,Address_817,98765430817,NULL
829,Patient_829,57,Male,Address_829,98765430829,NULL
854,Patient_854,32,Female,Address_854,98765430854,NULL
857,Patient_857,44,Female,Address_857,98765430857,NULL
860,Patient_860,55,Male,Address_860,98765430860,NULL
881,Patient_881,85,Male,Address_881,98765430881,NULL
908,Patient_908,48,Male,Address_908,98765430908,NULL
912,Patient_912,57,Female,Address_912,98765430912,NULL
921,Patient_921,74,Female,Address_921,98765430921,NULL
929,Patient_929,64,Female,Address_929,98765430929,NULL
937,Patient_937,80,Female,Address_937,98765430937,NULL
941,Patient_941,24,Female,Address_941,98765430941,NULL
944,Patient_944,60,Female,Address_944,98765430944,NULL
961,Patient_961,88,Female,Address_961,98765430961,NULL
964,Patient_964,80,Male,Address_964,98765430964,NULL
967,Patient_967,88,Male,Address_967,98765430967,NULL
970,Patient_970,68,Female,Address_970,98765430970,NULL
971,Patient_971,73,Male,Address_971,98765430971,NULL
972,Patient_972,79,Female,Address_972,98765430972,NULL
981,Patient_981,36,Female,Address_981,98765430981,NULL
994,Patient_994,20,Female,Address_994,98765430994,NULL
997,Patient_997,51,Female,Address_997,98765430997,NULL
1010,Patient_1010,68,Male,Address_1010,98765431010,NULL
1015,Patient_1015,63,Female,Address_1015,98765431015,NULL
1016,Patient_1016,33,Female,Address_1016,98765431016,NULL
1028,Patient_1028,36,Female,Address_1028,98765431028,NULL
1031,Patient_1031,77,Male,Address_1031,98765431031,NULL
1035,Patient_1035,86,Female,Address_1035,98765431035,NULL
1036,Patient_1036,37,Female,Address_1036,98765431036,NULL
1046,Patient_1046,70,Female,Address_1046,98765431046,NULL
1049,Patient_1049,47,Male,Address_1049,98765431049,NULL
1057,Patient_1057,21,Female,Address_1057,98765431057,NULL
1061,Patient_1061,54,Male,Address_1061,98765431061,NULL
1063,Patient_1063,35,Female,Address_1063,98765431063,NULL
1066,Patient_1066,55,Male,Address_1066,98765431066,NULL
1085,Patient_1085,81,Male,Address_1085,98765431085,NULL
1088,Patient_1088,82,Female,Address_1088,98765431088,NULL
1093,Patient_1093,46,Female,Address_1093,98765431093,NULL
1104,Patient_1104,39,Male,Address_1104,98765431104,NULL
1107,Patient_1107,50,Female,Address_1107,98765431107,NULL
1109,Patient_1109,37,Female,Address_1109,98765431109,NULL
1115,Patient_1115,18,Female,Address_1115,98765431115,NULL
1125,Patient_1125,29,Female,Address_1125,98765431125,NULL
1132,Patient_1132,74,Female,Address_1132,98765431132,NULL
1133,Patient_1133,72,Female,Address_1133,98765431133,NULL
1148,Patient_1148,49,Female,Address_1148,98765431148,NULL
1171,Patient_1171,20,Female,Address_1171,98765431171,NULL
1183,Patient_1183,59,Female,Address_1183,98765431183,NULL
1193,Patient_1193,56,Male,Address_1193,98765431193,NULL
1210,Patient_1210,47,Male,Address_1210,98765431210,NULL
1216,Patient_1216,65,Male,Address_1216,98765431216,NULL
1228,Patient_1228,56,Male,Address_1228,98765431228,NULL
1229,Patient_1229,73,Male,Address_1229,98765431229,NULL
1232,Patient_1232,28,Female,Address_1232,98765431232,NULL
1262,Patient_1262,85,Female,Address_1262,98765431262,NULL
1289,Patient_1289,57,Male,Address_1289,98765431289,NULL
1291,Patient_1291,79,Male,Address_1291,98765431291,NULL
1298,Patient_1298,23,Female,Address_1298,98765431298,NULL
1312,Patient_1312,77,Female,Address_1312,98765431312,NULL
1314,Patient_1314,22,Female,Address_1314,98765431314,NULL
1325,Patient_1325,48,Female,Address_1325,98765431325,NULL
1329,Patient_1329,83,Male,Address_1329,98765431329,NULL
1343,Patient_1343,54,Female,Address_1343,98765431343,NULL
1347,Patient_1347,85,Female,Address_1347,98765431347,NULL
1348,Patient_1348,81,Male,Address_1348,98765431348,NULL
1350,Patient_1350,29,Male,Address_1350,98765431350,NULL
1351,Patient_1351,39,Male,Address_1351,98765431351,NULL
1357,Patient_1357,31,Female,Address_1357,98765431357,NULL
1367,Patient_1367,23,Female,Address_1367,98765431367,NULL
1368,Patient_1368,49,Female,Address_1368,98765431368,NULL
1384,Patient_1384,44,Male,Address_1384,98765431384,NULL
1394,Patient_1394,20,Male,Address_1394,98765431394,NULL
1399,Patient_1399,51,Female,Address_1399,98765431399,NULL
1408,Patient_1408,44,Male,Address_1408,98765431408,NULL
1413,Patient_1413,70,Female,Address_1413,98765431413,NULL
1423,Patient_1423,41,Male,Address_1423,98765431423,NULL
1424,Patient_1424,77,Female,Address_1424,98765431424,NULL
1428,Patient_1428,32,Female,Address_1428,98765431428,NULL
1430,Patient_1430,88,Male,Address_1430,98765431430,NULL
1434,Patient_1434,65,Female,Address_1434,98765431434,NULL
1436,Patient_1436,80,Female,Address_1436,98765431436,NULL
1442,Patient_1442,38,Female,Address_1442,98765431442,NULL
1451,Patient_1451,25,Female,Address_1451,98765431451,NULL
1454,Patient_1454,58,Female,Address_1454,98765431454,NULL
1457,Patient_1457,49,Female,Address_1457,98765431457,NULL
1476,Patient_1476,84,Male,Address_1476,98765431476,NULL
1482,Patient_1482,25,Male,Address_1482,98765431482,NULL
1490,Patient_1490,75,Male,Address_1490,98765431490,NULL
1491,Patient_1491,39,Male,Address_1491,98765431491,NULL
1494,Patient_1494,58,Male,Address_1494,98765431494,NULL
1510,Patient_1510,61,Female,Address_1510,98765431510,NULL
1511,Patient_1511,87,Male,Address_1511,98765431511,NULL
1513,Patient_1513,39,Female,Address_1513,98765431513,NULL
1525,Patient_1525,48,Female,Address_1525,98765431525,NULL
1528,Patient_1528,41,Male,Address_1528,98765431528,NULL
1531,Patient_1531,21,Male,Address_1531,98765431531,NULL
1535,Patient_1535,67,Female,Address_1535,98765431535,NULL
1542,Patient_1542,23,Female,Address_1542,98765431542,NULL
1553,Patient_1553,25,Female,Address_1553,98765431553,NULL
1555,Patient_1555,61,Female,Address_1555,98765431555,NULL
1570,Patient_1570,52,Female,Address_1570,98765431570,NULL
1575,Patient_1575,53,Female,Address_1575,98765431575,NULL
1581,Patient_1581,27,Female,Address_1581,98765431581,NULL
1582,Patient_1582,84,Male,Address_1582,98765431582,NULL
1588,Patient_1588,25,Male,Address_1588,98765431588,NULL
1592,Patient_1592,81,Female,Address_1592,98765431592,NULL
1600,Patient_1600,45,Female,Address_1600,98765431600,NULL
1607,Patient_1607,43,Male,Address_1607,98765431607,NULL
1611,Patient_1611,87,Female,Address_1611,98765431611,NULL
1612,Patient_1612,76,Male,Address_1612,98765431612,NULL
1620,Patient_1620,67,Female,Address_1620,98765431620,NULL
1633,Patient_1633,67,Male,Address_1633,98765431633,NULL
1641,Patient_1641,82,Female,Address_1641,98765431641,NULL
1645,Patient_1645,34,Male,Address_1645,98765431645,NULL
1679,Patient_1679,32,Female,Address_1679,98765431679,NULL
1681,Patient_1681,88,Female,Address_1681,98765431681,NULL
1701,Patient_1701,45,Male,Address_1701,98765431701,NULL
1711,Patient_1711,65,Male,Address_1711,98765431711,NULL
1714,Patient_1714,60,Female,Address_1714,98765431714,NULL
1727,Patient_1727,51,Female,Address_1727,98765431727,NULL
1730,Patient_1730,44,Male,Address_1730,98765431730,NULL
1739,Patient_1739,19,Female,Address_1739,98765431739,NULL
1748,Patient_1748,73,Male,Address_1748,98765431748,NULL
1752,Patient_1752,73,Male,Address_1752,98765431752,NULL
1753,Patient_1753,53,Female,Address_1753,98765431753,NULL
1789,Patient_1789,38,Female,Address_1789,98765431789,NULL
1801,Patient_1801,19,Male,Address_1801,98765431801,NULL
1806,Patient_1806,84,Female,Address_1806,98765431806,NULL
1813,Patient_1813,36,Female,Address_1813,98765431813,NULL
1816,Patient_1816,49,Female,Address_1816,98765431816,NULL
1827,Patient_1827,77,Female,Address_1827,98765431827,NULL
1851,Patient_1851,75,Female,Address_1851,98765431851,NULL
1863,Patient_1863,33,Male,Address_1863,98765431863,NULL
1874,Patient_1874,87,Male,Address_1874,98765431874,NULL
1899,Patient_1899,77,Male,Address_1899,98765431899,NULL
1900,Patient_1900,29,Male,Address_1900,98765431900,NULL
1902,Patient_1902,59,Male,Address_1902,98765431902,NULL
1912,Patient_1912,31,Female,Address_1912,98765431912,NULL
1931,Patient_1931,20,Male,Address_1931,98765431931,NULL
1937,Patient_1937,38,Female,Address_1937,98765431937,NULL
1941,Patient_1941,62,Female,Address_1941,98765431941,NULL
1952,Patient_1952,49,Male,Address_1952,98765431952,NULL
1962,Patient_1962,28,Male,Address_1962,98765431962,NULL
1963,Patient_1963,67,Female,Address_1963,98765431963,NULL
1969,Patient_1969,79,Male,Address_1969,98765431969,NULL
1975,Patient_1975,34,Male,Address_1975,98765431975,NULL
1982,Patient_1982,80,Female,Address_1982,98765431982,NULL
1994,Patient_1994,27,Female,Address_1994,98765431994,NULL
1998,Patient_1998,82,Female,Address_1998,98765431998,NULL
2002,Patient_2002,49,Female,Address_2002,98765432002,NULL
2009,Patient_2009,72,Female,Address_2009,98765432009,NULL
2014,Patient_2014,69,Male,Address_2014,98765432014,NULL
2018,Patient_2018,38,Male,Address_2018,98765432018,NULL
2021,Patient_2021,81,Female,Address_2021,98765432021,NULL
2035,Patient_2035,51,Female,Address_2035,98765432035,NULL
2044,Patient_2044,49,Female,Address_2044,98765432044,NULL
2072,Patient_2072,55,Male,Address_2072,98765432072,NULL
2078,Patient_2078,66,Female,Address_2078,98765432078,NULL
2085,Patient_2085,53,Female,Address_2085,98765432085,NULL
2086,Patient_2086,29,Male,Address_2086,98765432086,NULL
2105,Patient_2105,61,Male,Address_2105,98765432105,NULL
2112,Patient_2112,29,Male,Address_2112,98765432112,NULL
2120,Patient_2120,24,Male,Address_2120,98765432120,NULL
2128,Patient_2128,69,Female,Address_2128,98765432128,NULL
2131,Patient_2131,40,Male,Address_2131,98765432131,NULL
2137,Patient_2137,73,Male,Address_2137,98765432137,NULL
2141,Patient_2141,40,Male,Address_2141,98765432141,NULL
2142,Patient_2142,46,Male,Address_2142,98765432142,NULL
2146,Patient_2146,25,Female,Address_2146,98765432146,NULL
2150,Patient_2150,18,Female,Address_2150,98765432150,NULL
2152,Patient_2152,20,Male,Address_2152,98765432152,NULL
2153,Patient_2153,82,Male,Address_2153,98765432153,NULL
2154,Patient_2154,21,Male,Address_2154,98765432154,NULL
2167,Patient_2167,29,Male,Address_2167,98765432167,NULL
2174,Patient_2174,73,Male,Address_2174,98765432174,NULL
2175,Patient_2175,75,Female,Address_2175,98765432175,NULL
2215,Patient_2215,81,Male,Address_2215,98765432215,NULL
2230,Patient_2230,37,Male,Address_2230,98765432230,NULL
2231,Patient_2231,64,Female,Address_2231,98765432231,NULL
2233,Patient_2233,87,Male,Address_2233,98765432233,NULL
2251,Patient_2251,54,Male,Address_2251,98765432251,NULL
2253,Patient_2253,38,Female,Address_2253,98765432253,NULL
2258,Patient_2258,56,Female,Address_2258,98765432258,NULL
2267,Patient_2267,77,Female,Address_2267,98765432267,NULL
2271,Patient_2271,41,Male,Address_2271,98765432271,NULL
2290,Patient_2290,67,Male,Address_2290,98765432290,NULL
2301,Patient_2301,59,Male,Address_2301,98765432301,NULL
2309,Patient_2309,20,Male,Address_2309,98765432309,NULL
2324,Patient_2324,45,Female,Address_2324,98765432324,NULL
2326,Patient_2326,60,Male,Address_2326,98765432326,NULL
2328,Patient_2328,56,Male,Address_2328,98765432328,NULL
2335,Patient_2335,19,Male,Address_2335,98765432335,NULL
2347,Patient_2347,81,Male,Address_2347,98765432347,NULL
2352,Patient_2352,24,Female,Address_2352,98765432352,NULL
2354,Patient_2354,37,Male,Address_2354,98765432354,NULL
2362,Patient_2362,45,Female,Address_2362,98765432362,NULL
2363,Patient_2363,43,Male,Address_2363,98765432363,NULL
2371,Patient_2371,23,Female,Address_2371,98765432371,NULL
2375,Patient_2375,67,Female,Address_2375,98765432375,NULL
2379,Patient_2379,68,Female,Address_2379,98765432379,NULL
2385,Patient_2385,53,Female,Address_2385,98765432385,NULL
2386,Patient_2386,89,Female,Address_2386,98765432386,NULL
2389,Patient_2389,64,Male,Address_2389,98765432389,NULL
2394,Patient_2394,87,Female,Address_2394,98765432394,NULL
2409,Patient_2409,36,Female,Address_2409,98765432409,NULL
2421,Patient_2421,51,Male,Address_2421,98765432421,NULL
2426,Patient_2426,86,Female,Address_2426,98765432426,NULL
2435,Patient_2435,78,Male,Address_2435,98765432435,NULL
2455,Patient_2455,64,Male,Address_2455,98765432455,NULL
2464,Patient_2464,32,Male,Address_2464,98765432464,NULL
2497,Patient_2497,76,Male,Address_2497,98765432497,NULL
2502,Patient_2502,79,Female,Address_2502,98765432502,NULL
2506,Patient_2506,42,Male,Address_2506,98765432506,NULL
2509,Patient_2509,43,Male,Address_2509,98765432509,NULL
2510,Patient_2510,39,Male,Address_2510,98765432510,NULL
2513,Patient_2513,20,Female,Address_2513,98765432513,NULL
2517,Patient_2517,62,Male,Address_2517,98765432517,NULL
2519,Patient_2519,80,Male,Address_2519,98765432519,NULL
2520,Patient_2520,36,Female,Address_2520,98765432520,NULL
2535,Patient_2535,76,Female,Address_2535,98765432535,NULL
2536,Patient_2536,58,Female,Address_2536,98765432536,NULL
2548,Patient_2548,52,Male,Address_2548,98765432548,NULL
2555,Patient_2555,37,Female,Address_2555,98765432555,NULL
2558,Patient_2558,50,Male,Address_2558,98765432558,NULL
2560,Patient_2560,26,Female,Address_2560,98765432560,NULL
2574,Patient_2574,69,Male,Address_2574,98765432574,NULL
2580,Patient_2580,46,Male,Address_2580,98765432580,NULL
2584,Patient_2584,88,Female,Address_2584,98765432584,NULL
2588,Patient_2588,62,Male,Address_2588,98765432588,NULL
2593,Patient_2593,18,Male,Address_2593,98765432593,NULL
2603,Patient_2603,25,Male,Address_2603,98765432603,NULL
2623,Patient_2623,79,Male,Address_2623,98765432623,NULL
2639,Patient_2639,28,Female,Address_2639,98765432639,NULL
2642,Patient_2642,63,Female,Address_2642,98765432642,NULL
2646,Patient_2646,36,Male,Address_2646,98765432646,NULL
2648,Patient_2648,89,Female,Address_2648,98765432648,NULL
2677,Patient_2677,68,Male,Address_2677,98765432677,NULL
2688,Patient_2688,20,Male,Address_2688,98765432688,NULL
2696,Patient_2696,72,Female,Address_2696,98765432696,NULL
2699,Patient_2699,66,Male,Address_2699,98765432699,NULL
2707,Patient_2707,35,Male,Address_2707,98765432707,NULL
2708,Patient_2708,53,Female,Address_2708,98765432708,NULL
2710,Patient_2710,70,Female,Address_2710,98765432710,NULL
2711,Patient_2711,47,Male,Address_2711,98765432711,NULL
2715,Patient_2715,84,Female,Address_2715,98765432715,NULL
2720,Patient_2720,40,Male,Address_2720,98765432720,NULL
2741,Patient_2741,77,Male,Address_2741,98765432741,NULL
2742,Patient_2742,35,Male,Address_2742,98765432742,NULL
2745,Patient_2745,28,Female,Address_2745,98765432745,NULL
2749,Patient_2749,86,Female,Address_2749,98765432749,NULL
2752,Patient_2752,65,Male,Address_2752,98765432752,NULL
2762,Patient_2762,62,Female,Address_2762,98765432762,NULL
2768,Patient_2768,68,Female,Address_2768,98765432768,NULL
2790,Patient_2790,30,Female,Address_2790,98765432790,NULL
2791,Patient_2791,51,Female,Address_2791,98765432791,NULL
2798,Patient_2798,63,Male,Address_2798,98765432798,NULL
2802,Patient_2802,85,Male,Address_2802,98765432802,NULL
2813,Patient_2813,25,Male,Address_2813,98765432813,NULL
2829,Patient_2829,37,Female,Address_2829,98765432829,NULL
2831,Patient_2831,63,Female,Address_2831,98765432831,NULL
2843,Patient_2843,40,Male,Address_2843,98765432843,NULL
2844,Patient_2844,32,Female,Address_2844,98765432844,NULL
2860,Patient_2860,55,Female,Address_2860,98765432860,NULL
2863,Patient_2863,86,Female,Address_2863,98765432863,NULL
2865,Patient_2865,64,Female,Address_2865,98765432865,NULL
2881,Patient_2881,47,Female,Address_2881,98765432881,NULL
2886,Patient_2886,25,Male,Address_2886,98765432886,NULL
2905,Patient_2905,52,Female,Address_2905,98765432905,NULL
2906,Patient_2906,83,Male,Address_2906,98765432906,NULL
2908,Patient_2908,40,Male,Address_2908,98765432908,NULL
2917,Patient_2917,77,Female,Address_2917,98765432917,NULL
2930,Patient_2930,83,Male,Address_2930,98765432930,NULL
2931,Patient_2931,30,Female,Address_2931,98765432931,NULL
2935,Patient_2935,56,Male,Address_2935,98765432935,NULL
2937,Patient_2937,25,Female,Address_2937,98765432937,NULL
2938,Patient_2938,72,Male,Address_2938,98765432938,NULL
2962,Patient_2962,37,Female,Address_2962,98765432962,NULL
2970,Patient_2970,47,Female,Address_2970,98765432970,NULL
2982,Patient_2982,55,Female,Address_2982,98765432982,NULL
2987,Patient_2987,86,Female,Address_2987,98765432987,NULL
3001,Patient_3001,68,Female,Address_3001,98765433001,NULL
3003,Patient_3003,66,Male,Address_3003,98765433003,NULL
3015,Patient_3015,64,Male,Address_3015,98765433015,NULL
3024,Patient_3024,64,Female,Address_3024,98765433024,NULL
3029,Patient_3029,59,Female,Address_3029,98765433029,NULL
3036,Patient_3036,88,Male,Address_3036,98765433036,NULL
3041,Patient_3041,33,Male,Address_3041,98765433041,NULL
3048,Patient_3048,26,Female,Address_3048,98765433048,NULL
3051,Patient_3051,53,Female,Address_3051,98765433051,NULL
3071,Patient_3071,70,Female,Address_3071,98765433071,NULL
3073,Patient_3073,30,Female,Address_3073,98765433073,NULL
3074,Patient_3074,54,Male,Address_3074,98765433074,NULL
3078,Patient_3078,27,Female,Address_3078,98765433078,NULL
3097,Patient_3097,59,Female,Address_3097,98765433097,NULL
3112,Patient_3112,60,Male,Address_3112,98765433112,NULL
3114,Patient_3114,68,Male,Address_3114,98765433114,NULL
3122,Patient_3122,46,Female,Address_3122,98765433122,NULL
3126,Patient_3126,21,Male,Address_3126,98765433126,NULL
3130,Patient_3130,67,Male,Address_3130,98765433130,NULL
3136,Patient_3136,76,Female,Address_3136,98765433136,NULL
3142,Patient_3142,62,Male,Address_3142,98765433142,NULL
3151,Patient_3151,69,Male,Address_3151,98765433151,NULL
3168,Patient_3168,38,Female,Address_3168,98765433168,NULL
3170,Patient_3170,86,Male,Address_3170,98765433170,NULL
3174,Patient_3174,79,Female,Address_3174,98765433174,NULL
3181,Patient_3181,50,Female,Address_3181,98765433181,NULL
3185,Patient_3185,87,Female,Address_3185,98765433185,NULL
3190,Patient_3190,73,Male,Address_3190,98765433190,NULL
3198,Patient_3198,43,Male,Address_3198,98765433198,NULL
3201,Patient_3201,46,Male,Address_3201,98765433201,NULL
3211,Patient_3211,60,Male,Address_3211,98765433211,NULL
3212,Patient_3212,56,Male,Address_3212,98765433212,NULL
3223,Patient_3223,72,Female,Address_3223,98765433223,NULL
3225,Patient_3225,65,Female,Address_3225,98765433225,NULL
3227,Patient_3227,44,Female,Address_3227,98765433227,NULL
3230,Patient_3230,62,Female,Address_3230,98765433230,NULL
3231,Patient_3231,27,Female,Address_3231,98765433231,NULL
3242,Patient_3242,34,Female,Address_3242,98765433242,NULL
3247,Patient_3247,82,Male,Address_3247,98765433247,NULL
3251,Patient_3251,37,Female,Address_3251,98765433251,NULL
3257,Patient_3257,34,Female,Address_3257,98765433257,NULL
3259,Patient_3259,58,Female,Address_3259,98765433259,NULL
3266,Patient_3266,43,Female,Address_3266,98765433266,NULL
3269,Patient_3269,88,Male,Address_3269,98765433269,NULL
3275,Patient_3275,38,Female,Address_3275,98765433275,NULL
3278,Patient_3278,32,Male,Address_3278,98765433278,NULL
3279,Patient_3279,25,Female,Address_3279,98765433279,NULL
3283,Patient_3283,45,Male,Address_3283,98765433283,NULL
3294,Patient_3294,53,Male,Address_3294,98765433294,NULL
3297,Patient_3297,21,Female,Address_3297,98765433297,NULL
3303,Patient_3303,40,Male,Address_3303,98765433303,NULL
3304,Patient_3304,86,Female,Address_3304,98765433304,NULL
3305,Patient_3305,70,Male,Address_3305,98765433305,NULL
3309,Patient_3309,77,Female,Address_3309,98765433309,NULL
3314,Patient_3314,57,Male,Address_3314,98765433314,NULL
3316,Patient_3316,55,Female,Address_3316,98765433316,NULL
3342,Patient_3342,33,Male,Address_3342,98765433342,NULL
3353,Patient_3353,85,Male,Address_3353,98765433353,NULL
3364,Patient_3364,56,Male,Address_3364,98765433364,NULL
3367,Patient_3367,40,Female,Address_3367,98765433367,NULL
3375,Patient_3375,69,Female,Address_3375,98765433375,NULL
3383,Patient_3383,84,Female,Address_3383,98765433383,NULL
3394,Patient_3394,78,Male,Address_3394,98765433394,NULL
3395,Patient_3395,21,Female,Address_3395,98765433395,NULL
3400,Patient_3400,57,Male,Address_3400,98765433400,NULL
3422,Patient_3422,68,Male,Address_3422,98765433422,NULL
3424,Patient_3424,29,Male,Address_3424,98765433424,NULL
3427,Patient_3427,44,Female,Address_3427,98765433427,NULL
3432,Patient_3432,74,Female,Address_3432,98765433432,NULL
3434,Patient_3434,86,Female,Address_3434,98765433434,NULL
3444,Patient_3444,85,Male,Address_3444,98765433444,NULL
3483,Patient_3483,56,Male,Address_3483,98765433483,NULL
3487,Patient_3487,71,Female,Address_3487,98765433487,NULL
3499,Patient_3499,65,Female,Address_3499,98765433499,NULL
3500,Patient_3500,87,Female,Address_3500,98765433500,NULL
3503,Patient_3503,19,Male,Address_3503,98765433503,NULL
3510,Patient_3510,76,Female,Address_3510,98765433510,NULL
3523,Patient_3523,66,Female,Address_3523,98765433523,NULL
3526,Patient_3526,18,Male,Address_3526,98765433526,NULL
3533,Patient_3533,65,Male,Address_3533,98765433533,NULL
3549,Patient_3549,58,Male,Address_3549,98765433549,NULL
3566,Patient_3566,79,Female,Address_3566,98765433566,NULL
3568,Patient_3568,50,Female,Address_3568,98765433568,NULL
3579,Patient_3579,82,Male,Address_3579,98765433579,NULL
3582,Patient_3582,23,Female,Address_3582,98765433582,NULL
3584,Patient_3584,77,Female,Address_3584,98765433584,NULL
3587,Patient_3587,54,Female,Address_3587,98765433587,NULL
3590,Patient_3590,76,Male,Address_3590,98765433590,NULL
3610,Patient_3610,72,Female,Address_3610,98765433610,NULL
3617,Patient_3617,38,Female,Address_3617,98765433617,NULL
3618,Patient_3618,88,Female,Address_3618,98765433618,NULL
3623,Patient_3623,86,Male,Address_3623,98765433623,NULL
3636,Patient_3636,42,Female,Address_3636,98765433636,NULL
3637,Patient_3637,72,Female,Address_3637,98765433637,NULL
3641,Patient_3641,22,Female,Address_3641,98765433641,NULL
3644,Patient_3644,75,Male,Address_3644,98765433644,NULL
3663,Patient_3663,40,Female,Address_3663,98765433663,NULL
3669,Patient_3669,39,Male,Address_3669,98765433669,NULL
3674,Patient_3674,27,Male,Address_3674,98765433674,NULL
3678,Patient_3678,28,Male,Address_3678,98765433678,NULL
3687,Patient_3687,64,Female,Address_3687,98765433687,NULL
3688,Patient_3688,50,Male,Address_3688,98765433688,NULL
3704,Patient_3704,78,Male,Address_3704,98765433704,NULL
3705,Patient_3705,46,Male,Address_3705,98765433705,NULL
3708,Patient_3708,34,Male,Address_3708,98765433708,NULL
3711,Patient_3711,86,Male,Address_3711,98765433711,NULL
3714,Patient_3714,84,Male,Address_3714,98765433714,NULL
3726,Patient_3726,49,Female,Address_3726,98765433726,NULL
3727,Patient_3727,43,Male,Address_3727,98765433727,NULL
3735,Patient_3735,68,Male,Address_3735,98765433735,NULL
3740,Patient_3740,58,Female,Address_3740,98765433740,NULL
3753,Patient_3753,25,Female,Address_3753,98765433753,NULL
3763,Patient_3763,37,Female,Address_3763,98765433763,NULL
3772,Patient_3772,79,Male,Address_3772,98765433772,NULL
3777,Patient_3777,79,Male,Address_3777,98765433777,NULL
3779,Patient_3779,26,Male,Address_3779,98765433779,NULL
3783,Patient_3783,42,Male,Address_3783,98765433783,NULL
3785,Patient_3785,25,Female,Address_3785,98765433785,NULL
3803,Patient_3803,38,Female,Address_3803,98765433803,NULL
3807,Patient_3807,59,Female,Address_3807,98765433807,NULL
3809,Patient_3809,78,Female,Address_3809,98765433809,NULL
3841,Patient_3841,24,Female,Address_3841,98765433841,NULL
3844,Patient_3844,21,Male,Address_3844,98765433844,NULL
3845,Patient_3845,40,Male,Address_3845,98765433845,NULL
3861,Patient_3861,65,Female,Address_3861,98765433861,NULL
3867,Patient_3867,35,Female,Address_3867,98765433867,NULL
3869,Patient_3869,25,Female,Address_3869,98765433869,NULL
3875,Patient_3875,29,Male,Address_3875,98765433875,NULL
3877,Patient_3877,78,Male,Address_3877,98765433877,NULL
3894,Patient_3894,41,Male,Address_3894,98765433894,NULL
3896,Patient_3896,49,Male,Address_3896,98765433896,NULL
3902,Patient_3902,42,Female,Address_3902,98765433902,NULL
3919,Patient_3919,80,Male,Address_3919,98765433919,NULL
3920,Patient_3920,76,Male,Address_3920,98765433920,NULL
3923,Patient_3923,38,Female,Address_3923,98765433923,NULL
3924,Patient_3924,29,Female,Address_3924,98765433924,NULL
3962,Patient_3962,57,Male,Address_3962,98765433962,NULL
3963,Patient_3963,37,Female,Address_3963,98765433963,NULL
3965,Patient_3965,20,Male,Address_3965,98765433965,NULL
3972,Patient_3972,83,Female,Address_3972,98765433972,NULL
3975,Patient_3975,43,Male,Address_3975,98765433975,NULL
3991,Patient_3991,76,Female,Address_3991,98765433991,NULL
3994,Patient_3994,44,Female,Address_3994,98765433994,NULL
4010,Patient_4010,28,Male,Address_4010,98765434010,NULL
4018,Patient_4018,49,Male,Address_4018,98765434018,NULL
4033,Patient_4033,27,Female,Address_4033,98765434033,NULL
4037,Patient_4037,53,Male,Address_4037,98765434037,NULL
4038,Patient_4038,30,Female,Address_4038,98765434038,NULL
4044,Patient_4044,39,Male,Address_4044,98765434044,NULL
4049,Patient_4049,79,Female,Address_4049,98765434049,NULL
4057,Patient_4057,79,Female,Address_4057,98765434057,NULL
4060,Patient_4060,74,Male,Address_4060,98765434060,NULL
4084,Patient_4084,88,Female,Address_4084,98765434084,NULL
4085,Patient_4085,65,Male,Address_4085,98765434085,NULL
4086,Patient_4086,35,Female,Address_4086,98765434086,NULL
4096,Patient_4096,31,Female,Address_4096,98765434096,NULL
4098,Patient_4098,21,Female,Address_4098,98765434098,NULL
4102,Patient_4102,49,Female,Address_4102,98765434102,NULL
4105,Patient_4105,55,Male,Address_4105,98765434105,NULL
4110,Patient_4110,39,Female,Address_4110,98765434110,NULL
4111,Patient_4111,55,Female,Address_4111,98765434111,NULL
4116,Patient_4116,23,Female,Address_4116,98765434116,NULL
4141,Patient_4141,41,Female,Address_4141,98765434141,NULL
4144,Patient_4144,40,Female,Address_4144,98765434144,NULL
4149,Patient_4149,76,Female,Address_4149,98765434149,NULL
4157,Patient_4157,47,Male,Address_4157,98765434157,NULL
4161,Patient_4161,38,Female,Address_4161,98765434161,NULL
4166,Patient_4166,70,Female,Address_4166,98765434166,NULL
4171,Patient_4171,69,Male,Address_4171,98765434171,NULL
4179,Patient_4179,29,Male,Address_4179,98765434179,NULL
4187,Patient_4187,59,Male,Address_4187,98765434187,NULL
4190,Patient_4190,60,Female,Address_4190,98765434190,NULL
4196,Patient_4196,23,Male,Address_4196,98765434196,NULL
4197,Patient_4197,67,Female,Address_4197,98765434197,NULL
4203,Patient_4203,28,Male,Address_4203,98765434203,NULL
4212,Patient_4212,73,Male,Address_4212,98765434212,NULL
4227,Patient_4227,75,Female,Address_4227,98765434227,NULL
4237,Patient_4237,55,Female,Address_4237,98765434237,NULL
4244,Patient_4244,42,Male,Address_4244,98765434244,NULL
4260,Patient_4260,70,Female,Address_4260,98765434260,NULL
4266,Patient_4266,29,Male,Address_4266,98765434266,NULL
4283,Patient_4283,22,Male,Address_4283,98765434283,NULL
4286,Patient_4286,85,Male,Address_4286,98765434286,NULL
4288,Patient_4288,38,Female,Address_4288,98765434288,NULL
4294,Patient_4294,69,Male,Address_4294,98765434294,NULL
4297,Patient_4297,81,Female,Address_4297,98765434297,NULL
4306,Patient_4306,19,Male,Address_4306,98765434306,NULL
4323,Patient_4323,18,Female,Address_4323,98765434323,NULL
4333,Patient_4333,39,Male,Address_4333,98765434333,NULL
4337,Patient_4337,64,Female,Address_4337,98765434337,NULL
4345,Patient_4345,52,Female,Address_4345,98765434345,NULL
4346,Patient_4346,31,Female,Address_4346,98765434346,NULL
4348,Patient_4348,78,Male,Address_4348,98765434348,NULL
4362,Patient_4362,43,Female,Address_4362,98765434362,NULL
4373,Patient_4373,31,Female,Address_4373,98765434373,NULL
4376,Patient_4376,61,Male,Address_4376,98765434376,NULL
4389,Patient_4389,78,Male,Address_4389,98765434389,NULL
4392,Patient_4392,67,Female,Address_4392,98765434392,NULL
4394,Patient_4394,49,Male,Address_4394,98765434394,NULL
4401,Patient_4401,85,Male,Address_4401,98765434401,NULL
4414,Patient_4414,32,Male,Address_4414,98765434414,NULL
4417,Patient_4417,62,Male,Address_4417,98765434417,NULL
4422,Patient_4422,47,Female,Address_4422,98765434422,NULL
4424,Patient_4424,86,Male,Address_4424,98765434424,NULL
4434,Patient_4434,40,Female,Address_4434,98765434434,NULL
4435,Patient_4435,23,Male,Address_4435,98765434435,NULL
4438,Patient_4438,32,Male,Address_4438,98765434438,NULL
4439,Patient_4439,57,Female,Address_4439,98765434439,NULL
4450,Patient_4450,22,Female,Address_4450,98765434450,NULL
4459,Patient_4459,26,Female,Address_4459,98765434459,NULL
4462,Patient_4462,35,Female,Address_4462,98765434462,NULL
4466,Patient_4466,64,Male,Address_4466,98765434466,NULL
4480,Patient_4480,81,Female,Address_4480,98765434480,NULL
4485,Patient_4485,33,Female,Address_4485,98765434485,NULL
4490,Patient_4490,74,Male,Address_4490,98765434490,NULL
4496,Patient_4496,19,Female,Address_4496,98765434496,NULL
4520,Patient_4520,88,Male,Address_4520,98765434520,NULL
4525,Patient_4525,32,Male,Address_4525,98765434525,NULL
4529,Patient_4529,36,Female,Address_4529,98765434529,NULL
4532,Patient_4532,54,Female,Address_4532,98765434532,NULL
4533,Patient_4533,44,Male,Address_4533,98765434533,NULL
4547,Patient_4547,47,Female,Address_4547,98765434547,NULL
4548,Patient_4548,62,Female,Address_4548,98765434548,NULL
4564,Patient_4564,49,Female,Address_4564,98765434564,NULL
4565,Patient_4565,21,Male,Address_4565,98765434565,NULL
4566,Patient_4566,67,Female,Address_4566,98765434566,NULL
4570,Patient_4570,39,Male,Address_4570,98765434570,NULL
4581,Patient_4581,52,Female,Address_4581,98765434581,NULL
4587,Patient_4587,83,Female,Address_4587,98765434587,NULL
4597,Patient_4597,56,Female,Address_4597,98765434597,NULL
4599,Patient_4599,18,Male,Address_4599,98765434599,NULL
4608,Patient_4608,70,Male,Address_4608,98765434608,NULL
4611,Patient_4611,41,Female,Address_4611,98765434611,NULL
4613,Patient_4613,36,Female,Address_4613,98765434613,NULL
4617,Patient_4617,60,Female,Address_4617,98765434617,NULL
4619,Patient_4619,29,Female,Address_4619,98765434619,NULL
4640,Patient_4640,39,Male,Address_4640,98765434640,NULL
4641,Patient_4641,74,Male,Address_4641,98765434641,NULL
4646,Patient_4646,83,Female,Address_4646,98765434646,NULL
4648,Patient_4648,57,Male,Address_4648,98765434648,NULL
4663,Patient_4663,83,Female,Address_4663,98765434663,NULL
4664,Patient_4664,46,Male,Address_4664,98765434664,NULL
4668,Patient_4668,41,Male,Address_4668,98765434668,NULL
4689,Patient_4689,84,Male,Address_4689,98765434689,NULL
4699,Patient_4699,31,Male,Address_4699,98765434699,NULL
4700,Patient_4700,78,Female,Address_4700,98765434700,NULL
4705,Patient_4705,61,Male,Address_4705,98765434705,NULL
4707,Patient_4707,58,Male,Address_4707,98765434707,NULL
4713,Patient_4713,48,Male,Address_4713,98765434713,NULL
4725,Patient_4725,39,Female,Address_4725,98765434725,NULL
4726,Patient_4726,83,Female,Address_4726,98765434726,NULL
4731,Patient_4731,61,Female,Address_4731,98765434731,NULL
4740,Patient_4740,82,Female,Address_4740,98765434740,NULL
4741,Patient_4741,75,Female,Address_4741,98765434741,NULL
4772,Patient_4772,40,Male,Address_4772,98765434772,NULL
4775,Patient_4775,26,Female,Address_4775,98765434775,NULL
4778,Patient_4778,56,Male,Address_4778,98765434778,NULL
4784,Patient_4784,59,Female,Address_4784,98765434784,NULL
4789,Patient_4789,36,Male,Address_4789,98765434789,NULL
4795,Patient_4795,89,Male,Address_4795,98765434795,NULL
4810,Patient_4810,63,Male,Address_4810,98765434810,NULL
4822,Patient_4822,45,Female,Address_4822,98765434822,NULL
4833,Patient_4833,84,Male,Address_4833,98765434833,NULL
4844,Patient_4844,58,Female,Address_4844,98765434844,NULL
4856,Patient_4856,34,Male,Address_4856,98765434856,NULL
4872,Patient_4872,35,Female,Address_4872,98765434872,NULL
4876,Patient_4876,64,Female,Address_4876,98765434876,NULL
4878,Patient_4878,48,Female,Address_4878,98765434878,NULL
4885,Patient_4885,65,Female,Address_4885,98765434885,NULL
4895,Patient_4895,70,Female,Address_4895,98765434895,NULL
4904,Patient_4904,36,Male,Address_4904,98765434904,NULL
4925,Patient_4925,60,Male,Address_4925,98765434925,NULL
4944,Patient_4944,56,Female,Address_4944,98765434944,NULL
4957,Patient_4957,76,Male,Address_4957,98765434957,NULL
4962,Patient_4962,20,Male,Address_4962,98765434962,NULL
4967,Patient_4967,29,Male,Address_4967,98765434967,NULL
4973,Patient_4973,64,Male,Address_4973,98765434973,NULL
4974,Patient_4974,21,Male,Address_4974,98765434974,NULL
4978,Patient_4978,25,Female,Address_4978,98765434978,NULL
4979,Patient_4979,33,Male,Address_4979,98765434979,NULL
4983,Patient_4983,88,Female,Address_4983,98765434983,NULL
4986,Patient_4986,58,Female,Address_4986,98765434986,NULL
4987,Patient_4987,39,Female,Address_4987,98765434987,NULL
4988,Patient_4988,41,Female,Address_4988,98765434988,NULL
