doctor_id,doctor_name,specialization,unique_patient_count
37,Doctor_37,"General Medicine",51
225,Doctor_225,Orthopedics,49
209,Doctor_209,"General Medicine",47
300,Doctor_300,Orthopedics,47
17,Doctor_17,Pediatrics,46
35,Doctor_35,Neurology,46
12,Doctor_12,Pediatrics,45
143,Doctor_143,Pediatrics,45
13,Doctor_13,Orthopedics,44
16,Doctor_16,Pediatrics,44
19,Doctor_19,Pediatrics,43
54,Doctor_54,"General Medicine",43
253,Doctor_253,"General Medicine",43
36,Doctor_36,Neurology,42
87,Doctor_87,Cardiology,42
106,Doctor_106,Pediatrics,42
189,Doctor_189,Cardiology,42
203,Doctor_203,Orthopedics,42
227,Doctor_227,Neurology,42
11,Doctor_11,Orthopedics,41
27,Doctor_27,Orthopedics,41
30,Doctor_30,Cardiology,41
82,Doctor_82,Neurology,41
105,Doctor_105,Orthopedics,41
179,Doctor_179,Cardiology,41
239,Doctor_239,"General Medicine",41
294,Doctor_294,Cardiology,41
31,Doctor_31,Pediatrics,40
51,Doctor_51,Neurology,40
80,Doctor_80,"General Medicine",40
259,Doctor_259,"General Medicine",40
292,Doctor_292,Pediatrics,40
49,Doctor_49,Neurology,39
52,Doctor_52,Cardiology,39
85,Doctor_85,Orthopedics,39
94,Doctor_94,Cardiology,39
114,Doctor_114,Orthopedics,39
139,Doctor_139,Orthopedics,39
145,Doctor_145,Neurology,39
165,Doctor_165,Neurology,39
233,Doctor_233,Pediatrics,39
237,Doctor_237,Neurology,39
262,Doctor_262,Cardiology,39
287,Doctor_287,Neurology,39
18,Doctor_18,Orthopedics,38
21,Doctor_21,Orthopedics,38
42,Doctor_42,Cardiology,38
58,Doctor_58,"General Medicine",38
59,Doctor_59,Orthopedics,38
61,Doctor_61,Cardiology,38
66,Doctor_66,Pediatrics,38
77,Doctor_77,Neurology,38
107,Doctor_107,Neurology,38
111,Doctor_111,Neurology,38
116,Doctor_116,Orthopedics,38
126,Doctor_126,Pediatrics,38
167,Doctor_167,"General Medicine",38
173,Doctor_173,Orthopedics,38
256,Doctor_256,Orthopedics,38
298,Doctor_298,Cardiology,38
57,Doctor_57,Cardiology,37
70,Doctor_70,Cardiology,37
96,Doctor_96,Neurology,37
103,Doctor_103,"General Medicine",37
119,Doctor_119,"General Medicine",37
125,Doctor_125,Pediatrics,37
130,Doctor_130,Neurology,37
137,Doctor_137,"General Medicine",37
140,Doctor_140,Orthopedics,37
150,Doctor_150,Orthopedics,37
151,Doctor_151,Pediatrics,37
182,Doctor_182,Cardiology,37
219,Doctor_219,"General Medicine",37
244,Doctor_244,Pediatrics,37
246,Doctor_246,Pediatrics,37
293,Doctor_293,Neurology,37
23,Doctor_23,Pediatrics,36
32,Doctor_32,Pediatrics,36
55,Doctor_55,Pediatrics,36
68,Doctor_68,Orthopedics,36
73,Doctor_73,Orthopedics,36
93,Doctor_93,Cardiology,36
100,Doctor_100,Cardiology,36
117,Doctor_117,Orthopedics,36
129,Doctor_129,Cardiology,36
131,Doctor_131,Cardiology,36
132,Doctor_132,Neurology,36
133,Doctor_133,Neurology,36
162,Doctor_162,Pediatrics,36
169,Doctor_169,Cardiology,36
186,Doctor_186,Cardiology,36
212,Doctor_212,Cardiology,36
214,Doctor_214,Cardiology,36
221,Doctor_221,Neurology,36
231,Doctor_231,Cardiology,36
243,Doctor_243,"General Medicine",36
272,Doctor_272,Cardiology,36
279,Doctor_279,Neurology,36
10,Doctor_10,"General Medicine",35
33,Doctor_33,Cardiology,35
63,Doctor_63,Pediatrics,35
67,Doctor_67,Pediatrics,35
71,Doctor_71,Orthopedics,35
76,Doctor_76,Pediatrics,35
89,Doctor_89,Cardiology,35
92,Doctor_92,Pediatrics,35
108,Doctor_108,Cardiology,35
112,Doctor_112,Cardiology,35
147,Doctor_147,Cardiology,35
157,Doctor_157,Neurology,35
232,Doctor_232,Pediatrics,35
240,Doctor_240,Neurology,35
261,Doctor_261,Pediatrics,35
271,Doctor_271,Neurology,35
274,Doctor_274,Cardiology,35
284,Doctor_284,Cardiology,35
4,Doctor_4,Pediatrics,34
5,Doctor_5,Cardiology,34
14,Doctor_14,"General Medicine",34
26,Doctor_26,Pediatrics,34
43,Doctor_43,"General Medicine",34
53,Doctor_53,Cardiology,34
128,Doctor_128,Orthopedics,34
134,Doctor_134,Orthopedics,34
141,Doctor_141,Pediatrics,34
160,Doctor_160,Cardiology,34
187,Doctor_187,Orthopedics,34
194,Doctor_194,Neurology,34
205,Doctor_205,Orthopedics,34
206,Doctor_206,Cardiology,34
216,Doctor_216,Neurology,34
217,Doctor_217,Cardiology,34
228,Doctor_228,Cardiology,34
229,Doctor_229,Orthopedics,34
234,Doctor_234,Cardiology,34
248,Doctor_248,Cardiology,34
281,Doctor_281,Orthopedics,34
282,Doctor_282,Cardiology,34
297,Doctor_297,"General Medicine",34
3,Doctor_3,Cardiology,33
7,Doctor_7,Cardiology,33
38,Doctor_38,Pediatrics,33
44,Doctor_44,"General Medicine",33
47,Doctor_47,"General Medicine",33
60,Doctor_60,Neurology,33
72,Doctor_72,Cardiology,33
75,Doctor_75,Orthopedics,33
84,Doctor_84,Pediatrics,33
110,Doctor_110,Orthopedics,33
124,Doctor_124,"General Medicine",33
148,Doctor_148,"General Medicine",33
153,Doctor_153,Cardiology,33
154,Doctor_154,Pediatrics,33
178,Doctor_178,Pediatrics,33
181,Doctor_181,Cardiology,33
196,Doctor_196,Cardiology,33
218,Doctor_218,Pediatrics,33
245,Doctor_245,Neurology,33
258,Doctor_258,Pediatrics,33
285,Doctor_285,Cardiology,33
1,Doctor_1,Orthopedics,32
24,Doctor_24,Pediatrics,32
25,Doctor_25,Pediatrics,32
39,Doctor_39,Neurology,32
46,Doctor_46,Pediatrics,32
81,Doctor_81,Pediatrics,32
98,Doctor_98,"General Medicine",32
101,Doctor_101,"General Medicine",32
144,Doctor_144,Cardiology,32
156,Doctor_156,Cardiology,32
163,Doctor_163,Orthopedics,32
171,Doctor_171,"General Medicine",32
174,Doctor_174,Cardiology,32
191,Doctor_191,Cardiology,32
211,Doctor_211,"General Medicine",32
220,Doctor_220,Pediatrics,32
247,Doctor_247,Neurology,32
254,Doctor_254,Orthopedics,32
265,Doctor_265,Pediatrics,32
266,Doctor_266,"General Medicine",32
270,Doctor_270,Neurology,32
273,Doctor_273,Cardiology,32
278,Doctor_278,Neurology,32
280,Doctor_280,Neurology,32
22,Doctor_22,"General Medicine",31
28,Doctor_28,"General Medicine",31
56,Doctor_56,Cardiology,31
62,Doctor_62,Orthopedics,31
64,Doctor_64,Orthopedics,31
74,Doctor_74,Cardiology,31
86,Doctor_86,"General Medicine",31
88,Doctor_88,Pediatrics,31
121,Doctor_121,Cardiology,31
122,Doctor_122,"General Medicine",31
146,Doctor_146,Orthopedics,31
149,Doctor_149,"General Medicine",31
155,Doctor_155,Orthopedics,31
177,Doctor_177,Orthopedics,31
195,Doctor_195,Neurology,31
199,Doctor_199,"General Medicine",31
200,Doctor_200,Orthopedics,31
277,Doctor_277,Neurology,31
283,Doctor_283,"General Medicine",31
289,Doctor_289,Orthopedics,31
9,Doctor_9,Pediatrics,30
29,Doctor_29,"General Medicine",30
34,Doctor_34,"General Medicine",30
40,Doctor_40,Orthopedics,30
41,Doctor_41,Orthopedics,30
50,Doctor_50,"General Medicine",30
83,Doctor_83,Cardiology,30
95,Doctor_95,Cardiology,30
99,Doctor_99,"General Medicine",30
123,Doctor_123,Orthopedics,30
175,Doctor_175,Neurology,30
190,Doctor_190,Neurology,30
204,Doctor_204,Neurology,30
207,Doctor_207,Pediatrics,30
223,Doctor_223,Orthopedics,30
230,Doctor_230,Pediatrics,30
241,Doctor_241,Cardiology,30
257,Doctor_257,"General Medicine",30
263,Doctor_263,Neurology,30
269,Doctor_269,Orthopedics,30
45,Doctor_45,Neurology,29
69,Doctor_69,"General Medicine",29
90,Doctor_90,Orthopedics,29
109,Doctor_109,Neurology,29
118,Doctor_118,Cardiology,29
127,Doctor_127,"General Medicine",29
136,Doctor_136,Cardiology,29
166,Doctor_166,Pediatrics,29
170,Doctor_170,Pediatrics,29
180,Doctor_180,Cardiology,29
183,Doctor_183,Orthopedics,29
185,Doctor_185,"General Medicine",29
201,Doctor_201,Neurology,29
202,Doctor_202,Neurology,29
210,Doctor_210,Neurology,29
238,Doctor_238,"General Medicine",29
242,Doctor_242,Pediatrics,29
250,Doctor_250,Neurology,29
255,Doctor_255,Neurology,29
286,Doctor_286,"General Medicine",29
296,Doctor_296,"General Medicine",29
6,Doctor_6,Orthopedics,28
91,Doctor_91,Neurology,28
102,Doctor_102,Pediatrics,28
104,Doctor_104,Cardiology,28
120,Doctor_120,Orthopedics,28
158,Doctor_158,Pediatrics,28
168,Doctor_168,Pediatrics,28
208,Doctor_208,Pediatrics,28
224,Doctor_224,"General Medicine",28
251,Doctor_251,"General Medicine",28
252,Doctor_252,Pediatrics,28
260,Doctor_260,Pediatrics,28
264,Doctor_264,"General Medicine",28
275,Doctor_275,Neurology,28
291,Doctor_291,"General Medicine",28
78,Doctor_78,Pediatrics,27
113,Doctor_113,Cardiology,27
115,Doctor_115,Cardiology,27
152,Doctor_152,Pediatrics,27
164,Doctor_164,Pediatrics,27
226,Doctor_226,Orthopedics,27
249,Doctor_249,Neurology,27
267,Doctor_267,"General Medicine",27
288,Doctor_288,Orthopedics,27
48,Doctor_48,Neurology,26
79,Doctor_79,Cardiology,26
97,Doctor_97,Cardiology,26
135,Doctor_135,"General Medicine",26
138,Doctor_138,Pediatrics,26
142,Doctor_142,Cardiology,26
159,Doctor_159,Pediatrics,26
161,Doctor_161,"General Medicine",26
172,Doctor_172,Cardiology,26
176,Doctor_176,Cardiology,26
184,Doctor_184,"General Medicine",26
188,Doctor_188,Orthopedics,26
198,Doctor_198,Pediatrics,26
215,Doctor_215,Cardiology,26
268,Doctor_268,Pediatrics,26
276,Doctor_276,Orthopedics,26
290,Doctor_290,Cardiology,26
65,Doctor_65,"General Medicine",25
193,Doctor_193,Cardiology,25
236,Doctor_236,Pediatrics,25
2,Doctor_2,Pediatrics,24
15,Doctor_15,Orthopedics,24
213,Doctor_213,Pediatrics,24
295,Doctor_295,Orthopedics,24
222,Doctor_222,Pediatrics,23
20,Doctor_20,Pediatrics,22
192,Doctor_192,Neurology,22
197,Doctor_197,Neurology,22
235,Doctor_235,Cardiology,22
8,Doctor_8,"General Medicine",21
299,Doctor_299,Pediatrics,21
