restaurant_id,restaurant_name,total_revenue
1bac8755,Restaurant_116,50931.26
ce114fee,Restaurant_262,48860.24
bd7c2a0c,Restaurant_56,48645.78
9c38c0b2,Restaurant_27,48562.1
08ba20de,Restaurant_127,48203.2
8d06cc24,Restaurant_141,47153.34
24efe3fc,Restaurant_208,47065.02
57c584c5,Restaurant_396,46774.97
94e70589,Restaurant_48,44596.81
400c131f,Restaurant_455,44281.73
26db3a08,Restaurant_136,44155.08
9c96439c,Restaurant_257,44136.9
2b8368d4,Restaurant_92,44060.49
951b096d,Restaurant_82,43376.69
77f59689,Restaurant_467,43083.12
f75a4fd0,Restaurant_462,43022.24
8f1605c1,Restaurant_170,42801.53
e66a8f3a,Restaurant_211,42646.15
6fa56b71,Restaurant_91,42629.96
369bf88e,Restaurant_33,42521.61
f6a4fedc,Restaurant_368,41958.25
2a7a8abf,Restaurant_351,41945.08
3146ef85,Restaurant_323,41882.6
991915d7,Restaurant_165,41702.84
b37bb876,Restaurant_335,41550.04
a8e96359,Restaurant_158,41464.11
93c01c5b,Restaurant_305,41426.25
428f55af,Restaurant_30,41155.49
8a11d347,Restaurant_112,41000.55
1.57E+63,Restaurant_222,40930.26
eb174c1f,Restaurant_69,40880.07
d2a546bc,Restaurant_258,40796.24
eb4d18c6,Restaurant_270,40791.96
71098659,Restaurant_440,40666.3
42142ee5,Restaurant_311,40610.61
44837d80,Restaurant_344,40596.31
e09f0465,Restaurant_6,40561.73
a6220936,Restaurant_96,40557.44
ccb7be4e,Restaurant_469,40547.68
ab601722,Restaurant_79,40491.26
2a6752ed,Restaurant_152,40424.68
e3fef5a1,Restaurant_415,40101.35
d3016f90,Restaurant_14,39971.43
aa054739,Restaurant_85,39886.23
4ce7afad,Restaurant_44,39803.54
fe75f9a6,Restaurant_427,39747.39
0fd878e4,Restaurant_296,39546.83
6e1843fb,Restaurant_212,39524.44
3751ee4c,Restaurant_392,39491.7
3ef529e5,Restaurant_466,39388.51
1cc20309,Restaurant_61,39374.81
3d59878b,Restaurant_260,39370.38
958d0a73,Restaurant_71,39303.74
aa60bbe4,Restaurant_465,39037.04
dbcaa61c,Restaurant_31,39030.46
2.74E+12,Restaurant_51,39024.11
bf914634,Restaurant_387,38876.19
0969abfd,Restaurant_193,38794.78
bfbb1501,Restaurant_2,38794.59
2555af08,Restaurant_474,38757.68
dddddf29,Restaurant_180,38697.01
a80c0410,Restaurant_135,38647.3
8060001b,Restaurant_202,38597.39
02b6d096,Restaurant_157,38348.96
f5c4c840,Restaurant_38,38283.12
8a592a8a,Restaurant_121,38255.36
cf8681ce,Restaurant_398,38227.81
9a241a8f,Restaurant_36,38147.39
09e5eed1,Restaurant_22,38138.68
8133dda0,Restaurant_340,38100.69
5440dc43,Restaurant_62,38081.85
62249dbf,Restaurant_337,37968.45
ea525a43,Restaurant_394,37936.61
ab27a46b,Restaurant_302,37925.39
d4eb642a,Restaurant_52,37884.3
ccf81718,Restaurant_243,37833.74
4bfd980c,Restaurant_124,37793.88
cd2a813f,Restaurant_456,37792.38
81aa2acc,Restaurant_478,37768.03
70c91766,Restaurant_339,37517.26
6ca2cb4a,Restaurant_196,37477.16
4622bca4,Restaurant_32,37464.55
60ebcd14,Restaurant_416,37464.44
0e7248ea,Restaurant_295,37399.25
b8ee95cd,Restaurant_367,37260.91
d7b287a8,Restaurant_352,37143.12
f146994a,Restaurant_483,37038.14
e222e302,Restaurant_277,37021.05
7dbcbb29,Restaurant_480,36888.25
c5fe740c,Restaurant_473,36883.35
6b25818f,Restaurant_287,36789.93
f5f0a3d7,Restaurant_376,36788.37
02df79eb,Restaurant_15,36648.33
266301b8,Restaurant_418,36560.27
427b24bc,Restaurant_496,36444.55
ce863def,Restaurant_181,36426.84
59b862ed,Restaurant_341,36412.35
3da5daa9,Restaurant_34,36390.48
ce8f2030,Restaurant_307,36387.06
35c24305,Restaurant_65,36341.54
8058c87e,Restaurant_199,36327.39
74d2ed66,Restaurant_336,36301.54
3e7f7fbe,Restaurant_24,36278.13
fc2e99c5,Restaurant_333,36211.95
fc6028ff,Restaurant_206,36194.12
1d9ef47d,Restaurant_266,36186.56
8bb9a4b0,Restaurant_0,36138.83
8f988f4e,Restaurant_244,36097.09
174b3d72,Restaurant_201,36091.01
55c18a95,Restaurant_360,36081.08
289a82f6,Restaurant_53,35914.48
d932d6bf,Restaurant_325,35866.08
6436832c,Restaurant_187,35837.76
d9e2c443,Restaurant_35,35700.14
8e495fe4,Restaurant_190,35673.17
96102266,Restaurant_159,35665.49
5e9ad80d,Restaurant_37,35560.76
5fef57bb,Restaurant_471,35560.39
a8d593a1,Restaurant_148,35536.66
9.18E+07,Restaurant_338,35505.04
f8088575,Restaurant_182,35491.98
041f63d9,Restaurant_169,35490.48
7975f2ee,Restaurant_494,35488.52
405ed20c,Restaurant_145,35425.62
9f137e8a,Restaurant_404,35399.2
24ada0ba,Restaurant_115,35358.87
e400d871,Restaurant_422,35328.14
606db467,Restaurant_348,35317.92
7a6b060d,Restaurant_89,35257.48
14fc6669,Restaurant_423,35224.33
71764226,Restaurant_434,35188.89
2f64e220,Restaurant_380,35147
9ff72da6,Restaurant_173,35077.83
89ad80f5,Restaurant_213,35076.77
19b0294a,Restaurant_441,35029.03
5a38fde9,Restaurant_101,34983.35
6c64aa30,Restaurant_140,34979.93
4b7d8a2a,Restaurant_154,34979.61
79617b25,Restaurant_23,34928.61
1935fe99,Restaurant_342,34926.42
1c6eb160,Restaurant_43,34919.1
20fd72ee,Restaurant_64,34846.09
28bc6e8d,Restaurant_47,34842.79
c2e70208,Restaurant_371,34827.02
8c3f5029,Restaurant_166,34723.88
e7e88763,Restaurant_350,34618.53
52758fa7,Restaurant_233,34614.25
c564c624,Restaurant_230,34562.12
9bff4316,Restaurant_95,34542.95
2ca4738c,Restaurant_490,34524.38
c1f112de,Restaurant_144,34466.93
122cbcc2,Restaurant_374,34461.29
0ae349c2,Restaurant_429,34394.04
94689fae,Restaurant_235,34349.91
15626d86,Restaurant_309,34285.16
2fb269f9,Restaurant_245,34181.66
5aba5a33,Restaurant_417,34140.66
3de9ffca,Restaurant_448,34110.47
60723d0e,Restaurant_88,34077.65
64dde01b,Restaurant_59,34065.81
93ed45d5,Restaurant_80,34049.83
c1f72d98,Restaurant_125,33974.71
4910ebd8,Restaurant_76,33933.8
59a3bc14,Restaurant_408,33914.4
b7d188df,Restaurant_194,33883.73
026ab181,Restaurant_357,33824.42
bff0bb92,Restaurant_200,33818.45
528a4810,Restaurant_50,33810.4
df911fc2,Restaurant_362,33741.19
b9c58717,Restaurant_205,33675.67
e9c95f1f,Restaurant_292,33615.89
a51eaacf,Restaurant_126,33610.39
10504ca1,Restaurant_426,33546.88
eb075302,Restaurant_481,33470.96
f32a3aad,Restaurant_68,33453.86
90de9501,Restaurant_153,33422.12
612e24e0,Restaurant_217,33396.23
f39e5ccb,Restaurant_454,33332.51
3988bf2c,Restaurant_162,33331.47
70f4dfa8,Restaurant_293,33327.65
db7c0362,Restaurant_111,33306.58
c1244b75,Restaurant_25,33259.65
3ce70391,Restaurant_433,33243.79
40dc81ce,Restaurant_254,33239.24
2bf57503,Restaurant_255,33219.12
ee9f310d,Restaurant_231,33147.52
5c6657d1,Restaurant_312,33143.15
bc4f828e,Restaurant_45,33125.91
8810c9aa,Restaurant_1,33078.21
d2c59e6e,Restaurant_66,33027.98
d0b43dbe,Restaurant_413,33026.44
eb6fce5b,Restaurant_356,33023.81
4f2f2dc8,Restaurant_3,33019.55
1c1519d1,Restaurant_379,32979.55
b20eb992,Restaurant_123,32971.49
c318e94b,Restaurant_237,32969.71
651ac35d,Restaurant_160,32901.27
43979058,Restaurant_279,32900.54
032e886d,Restaurant_363,32866.52
6af133bb,Restaurant_146,32847.49
0e108d8b,Restaurant_236,32847.24
9.98E+08,Restaurant_273,32844.34
0dad23ff,Restaurant_179,32841.27
2c3d36ef,Restaurant_317,32785.8
78dddfb3,Restaurant_286,32781.54
4e7b5c84,Restaurant_259,32743.07
c030655d,Restaurant_110,32710.15
eff14efc,Restaurant_301,32690.53
d56c5b5e,Restaurant_487,32624.45
12205eb5,Restaurant_370,32604.42
04a74418,Restaurant_275,32598.58
7626f7ad,Restaurant_464,32569.64
0d392883,Restaurant_291,32558.29
78805df4,Restaurant_412,32537.99
3131321b,Restaurant_308,32513.66
7cfc6e28,Restaurant_63,32414.16
5a47cc33,Restaurant_5,32327.78
a6e2078c,Restaurant_75,32226.58
a9239ac0,Restaurant_128,32224.71
1bc05c14,Restaurant_276,32185.22
502053dd,Restaurant_343,32156.65
81bc33da,Restaurant_364,32150.2
a638af19,Restaurant_297,32136.44
5eafb4ee,Restaurant_247,32126.95
2aca810f,Restaurant_9,32112.41
dfd043a7,Restaurant_218,32069.19
5bf5607c,Restaurant_26,32026.68
b9a1968c,Restaurant_49,31990.49
8b12bcad,Restaurant_406,31979.57
6903437e,Restaurant_298,31960.54
8a76a7ee,Restaurant_238,31939.45
e85b5df7,Restaurant_346,31934.11
f5e8e8a9,Restaurant_458,31908.04
e726f2d8,Restaurant_195,31900.1
b1f2c737,Restaurant_60,31884.27
ec9059b5,Restaurant_288,31863.38
2c89fe67,Restaurant_300,31753.37
e224a5ea,Restaurant_240,31742.72
afad7eb5,Restaurant_410,31739.6
4c130690,Restaurant_375,31676.35
b12c27be,Restaurant_353,31657.36
b7445b6d,Restaurant_84,31616.79
668d09b6,Restaurant_468,31541.09
b2cf0b3d,Restaurant_107,31535.44
344d4945,Restaurant_142,31522.44
bd857157,Restaurant_210,31426.93
dd498b6e,Restaurant_437,31412.79
ff28abb5,Restaurant_388,31396.4
d92b984c,Restaurant_401,31325.44
abc00ee0,Restaurant_87,31316.48
3cf3f01c,Restaurant_383,31299.66
6c38f66f,Restaurant_499,31231.29
f6741553,Restaurant_321,31215.53
4fa55034,Restaurant_451,31191.22
59e6659c,Restaurant_442,31134.82
76328ab4,Restaurant_232,31102.76
228796c5,Restaurant_319,31036.25
c19c6dfd,Restaurant_67,30951.02
c2dd51cf,Restaurant_361,30888.26
4e9bfa3e,Restaurant_226,30834.35
1ca17571,Restaurant_185,30812
58def9e8,Restaurant_349,30794.12
7e7abb6c,Restaurant_78,30732.06
64003853,Restaurant_11,30718.76
c317908c,Restaurant_443,30677.89
e7d6ca00,Restaurant_407,30625.04
e19f39b7,Restaurant_41,30566.02
1c54225b,Restaurant_281,30556.39
71ea6563,Restaurant_19,30512.69
b8128f8d,Restaurant_130,30445.11
2c3cc546,Restaurant_430,30422.31
dfb8f48c,Restaurant_207,30361.38
6f8a9f60,Restaurant_484,30351.93
d9c56a1e,Restaurant_18,30199.71
39189b6c,Restaurant_216,30137.33
da6baa40,Restaurant_114,30117.1
fa055ed4,Restaurant_203,30098.18
89262461,Restaurant_359,30073.46
fc36ce35,Restaurant_12,30035.43
a961a847,Restaurant_183,30033.66
87ba0b62,Restaurant_439,30018.53
c9204e90,Restaurant_405,29963.64
06bbd4b4,Restaurant_390,29886
bbd3019c,Restaurant_489,29854.69
5f0a9f32,Restaurant_105,29853.87
220de01b,Restaurant_492,29825.86
f2718889,Restaurant_57,29746.2
f2bb6dd3,Restaurant_151,29694.98
0dc347db,Restaurant_267,29678.51
72e541fb,Restaurant_163,29655.85
ee9921ae,Restaurant_332,29608.45
3001185,Restaurant_175,29538.72
28450860,Restaurant_479,29523.51
83c9c7f5,Restaurant_436,29413.45
96c583bb,Restaurant_318,29372.13
ea5d7890,Restaurant_186,29349.16
537b38f9,Restaurant_168,29345.41
4d50d203,Restaurant_86,29339.26
a59b82a8,Restaurant_197,29337.5
71d4a52a,Restaurant_261,29336.3
e2cb1c1a,Restaurant_377,29336.08
89c96872,Restaurant_373,29278.04
bf5bf6cd,Restaurant_189,29171.62
c977a5f5,Restaurant_117,29150.5
4290a87b,Restaurant_174,29123.48
9e422e29,Restaurant_475,29094.02
0736af8f,Restaurant_445,29089
f00f0b93,Restaurant_178,29052.73
92f9c1c0,Restaurant_137,29044.07
674dfaa6,Restaurant_227,29002.12
84ed73ad,Restaurant_403,29001.06
defef2cd,Restaurant_155,28949.64
da9a321e,Restaurant_303,28935.43
b7d2e9fd,Restaurant_172,28906.26
4b0b530b,Restaurant_369,28874.66
5b2f1c9a,Restaurant_498,28824.09
da404b28,Restaurant_290,28800.51
8fc1a811,Restaurant_98,28775.23
242460cc,Restaurant_256,28683.49
733a1a91,Restaurant_223,28664.44
c867f4c3,Restaurant_326,28645.69
4acc3617,Restaurant_264,28628.95
9abef4df,Restaurant_77,28591.47
c230886a,Restaurant_269,28577.07
cfb0cf14,Restaurant_452,28548.33
2850b98f,Restaurant_204,28546.46
3b052e56,Restaurant_106,28493.64
97ba5c47,Restaurant_304,28457.14
391ea3a2,Restaurant_228,28451.99
63fa9210,Restaurant_347,28440.57
a3ce1611,Restaurant_29,28370.73
87ef9500,Restaurant_108,28305.01
7cd438d2,Restaurant_482,28286.61
9ac148bf,Restaurant_147,28248.89
c71efa45,Restaurant_120,28181.82
1c2e3e38,Restaurant_400,28163.93
818ac424,Restaurant_419,28141.94
8ff329e1,Restaurant_58,28117.76
b96de83c,Restaurant_345,28077.86
75c23eab,Restaurant_192,28022.03
bf0d16e8,Restaurant_399,28009.16
0f558c3e,Restaurant_215,28008.01
f4fb2de3,Restaurant_16,27977.98
e79218d9,Restaurant_42,27904.51
a70ed7db,Restaurant_397,27882.36
ba31dffb,Restaurant_8,27877.38
d115b7b9,Restaurant_72,27731.17
7421de9a,Restaurant_119,27715.36
587046b8,Restaurant_250,27691.91
c059c9d3,Restaurant_242,27658.97
2f6d7840,Restaurant_104,27611.8
aef029e0,Restaurant_327,27573.91
84e6c455,Restaurant_138,27523.55
3ebed339,Restaurant_225,27465.97
cb476aae,Restaurant_358,27357.14
331effe2,Restaurant_224,27315.87
400ea5d4,Restaurant_315,27309.76
51bc9499,Restaurant_17,27300.05
dde6dac9,Restaurant_94,27257.13
e8ffd0d6,Restaurant_444,27236.43
e6f5e6b1,Restaurant_54,27187.96
45de4a55,Restaurant_497,27081.96
34cfd9fa,Restaurant_93,27050.07
67a95931,Restaurant_46,27016.47
581e8723,Restaurant_328,26986.13
19eb698a,Restaurant_381,26975.59
faff1bf4,Restaurant_251,26940.33
5628c140,Restaurant_74,26914.61
5662c0df,Restaurant_282,26848.36
6806a865,Restaurant_294,26775.85
74582012,Restaurant_322,26741.17
f502ff48,Restaurant_378,26672.98
acf7c6f8,Restaurant_221,26623.05
4d8c2e99,Restaurant_472,26569.6
5aae47b4,Restaurant_450,26537.06
81c4c182,Restaurant_477,26510.42
5593bbfb,Restaurant_4,26476
ba107b1d,Restaurant_234,26449.99
f39c0c05,Restaurant_99,26308.57
78565057,Restaurant_316,26293.09
9259b0e9,Restaurant_449,26245.59
b05fd083,Restaurant_131,26234.08
440ffda9,Restaurant_486,26205.41
14847f96,Restaurant_102,26155.36
0b69f56b,Restaurant_438,26143.99
ee6e78d8,Restaurant_391,26142.89
1c45fac8,Restaurant_283,26142.34
cdc4d7ec,Restaurant_385,26139.74
fcc5c2d6,Restaurant_310,26129.11
6a557120,Restaurant_395,26059.79
2c501d10,Restaurant_246,26031.06
c00f73d6,Restaurant_188,26030.26
eab30c2f,Restaurant_470,25996.06
c21dbf54,Restaurant_171,25990.41
fd976e0e,Restaurant_219,25962.47
14493b77,Restaurant_285,25932.26
1ccce844,Restaurant_320,25900.58
e54e0518,Restaurant_191,25888.34
b28ed1b8,Restaurant_355,25794.78
74aea7be,Restaurant_389,25759.46
9ef924b6,Restaurant_278,25727.63
49d9a0f2,Restaurant_324,25674.59
368c8202,Restaurant_493,25632.56
49c4ff0d,Restaurant_372,25580.1
84493364,Restaurant_274,25576.97
b2dc7803,Restaurant_70,25548.32
8c077be2,Restaurant_485,25540.39
fdf67663,Restaurant_424,25510.5
bf2eb8e4,Restaurant_306,25458.41
404f0685,Restaurant_239,25443.63
09316a70,Restaurant_330,25439.42
71af43be,Restaurant_97,25388.34
fd9d762b,Restaurant_329,25379.48
776f260d,Restaurant_252,25376.34
e49bc174,Restaurant_229,25304.71
e88daa8a,Restaurant_447,25223.74
1969672f,Restaurant_402,25128.63
19c74ecf,Restaurant_7,25049.44
aabdedd3,Restaurant_167,24892.65
4da1655b,Restaurant_55,24853.33
4eab0c83,Restaurant_90,24817.32
75c47f5f,Restaurant_143,24667.5
fcd19837,Restaurant_184,24608.62
7b3b0da2,Restaurant_241,24604.98
328df228,Restaurant_421,24598.71
cb90b2ce,Restaurant_354,24424.39
4d9244b9,Restaurant_431,24352.83
bd3013d9,Restaurant_253,24351.99
9b19ea60,Restaurant_271,24217.48
696dae98,Restaurant_495,24192.48
4fbd9363,Restaurant_425,24085.98
08a1f696,Restaurant_463,24015.25
9c80db76,Restaurant_28,23995.08
b61f2a9e,Restaurant_132,23878.56
0c921430,Restaurant_461,23863.96
5aa4df12,Restaurant_409,23819.64
dd2f2051,Restaurant_435,23690.3
127057ad,Restaurant_491,23454.95
0e24dd86,Restaurant_265,23451.26
666d6a33,Restaurant_13,23338.94
60975764,Restaurant_384,23310.35
fd7a63eb,Restaurant_214,23260.94
9fffa8c9,Restaurant_139,23247.71
a726efd4,Restaurant_459,23230.71
d6ee2ff4,Restaurant_209,23163.62
754bea84,Restaurant_366,23090.31
53d1cf83,Restaurant_272,23060.95
d0fd93ce,Restaurant_10,22954.14
51d37849,Restaurant_220,22792.13
8180e6e2,Restaurant_133,22782.32
0acdd646,Restaurant_122,22782.27
67baa4fe,Restaurant_289,22773.16
e1850efc,Restaurant_313,22743.57
c3e33687,Restaurant_113,22724.86
760d1a28,Restaurant_457,22691.83
003deee0,Restaurant_428,22628.53
9b3e0802,Restaurant_134,22593.67
f8e51c71,Restaurant_176,22422.42
4e924a53,Restaurant_164,22337.07
cad4218c,Restaurant_161,22162.51
d15946a3,Restaurant_73,22148.23
b0b312af,Restaurant_488,22041.83
227aba32,Restaurant_100,22005.54
fb67202e,Restaurant_411,21933.13
79e303d1,Restaurant_248,21888.39
b09f66d7,Restaurant_109,21797.4
e11f3ddf,Restaurant_263,21764.75
04dc9812,Restaurant_39,21691.14
847bbe2e,Restaurant_268,21668.49
3535b075,Restaurant_460,21591.29
4757a19b,Restaurant_365,21504.66
aae64772,Restaurant_420,21504.52
03e3a6e7,Restaurant_446,21398.55
1cdb7eac,Restaurant_156,21390.45
b62af499,Restaurant_453,21291.75
100a811e,Restaurant_103,21284.88
a05e429d,Restaurant_83,21100.57
557552d0,Restaurant_20,21007.38
23075295,Restaurant_314,20851.56
62026a9a,Restaurant_382,20404.2
9409fecd,Restaurant_331,20348.02
fdff7f61,Restaurant_476,20344.04
14f8c226,Restaurant_432,20339.03
5ef3c1b1,Restaurant_40,20204.05
cd913d5d,Restaurant_129,20192.41
2236347f,Restaurant_118,19874.79
318ca5a5,Restaurant_177,19326.72
73572274,Restaurant_299,19119.69
4bf198a5,Restaurant_81,18688.7
870f6ec5,Restaurant_284,18523.64
eb85c060,Restaurant_393,18266.48
179a3485,Restaurant_414,18012.01
62dbc4f6,Restaurant_334,17980.8
29c8feb1,Restaurant_198,17440.21
19024cdd,Restaurant_280,16380.15
c16f16e5,Restaurant_386,16090.22
00d33951,Restaurant_150,15673.24
7713a3e9,Restaurant_149,15662.81
d368535c,Restaurant_21,15090.86
88bbde78,Restaurant_249,13649.6
