﻿ProductID,ProductName,Category,SubCategory,PricePerUnit,StockQuantity,SupplierID
2aa28375-c563-41b5-aa33-8e2c2e0f4db9,However Fruit,Fruits,Sub-Fruits-1,207,290,0658c953-98c4-4d00-bf29-4fbfe4aca4cd
e9282403-e234-4e35-a711-50acb03bbecc,Serve Snack,Snacks,Sub-Snacks-1,905,259,cb890936-8142-4fa3-ac60-2ecba78f8aa8
d79d1b95-ecdf-4810-aea0-45e9bd10627d,Rule Fruit,Fruits,Sub-Fruits-4,111,26,455b7097-b656-49b8-9cf2-a98d71d3ba88
05765892-c750-44cc-96e2-31fa53d42cb2,We Vegetable,Vegetables,Sub-Vegetables-1,887,296,a2ed0ef5-a6c8-4b51-ac6f-6209edf45a02
3bfb746e-f1e6-4946-a314-7d9119fd950d,Character Baker,Bakery,Sub-Bakery-3,961,127,16c44a77-d01f-4154-a7b7-1f5b5dee4255
11dc08ec-ef6f-43d0-abaa-414a9c336956,Door Vegetable,Vegetables,Sub-Vegetables-4,50,19,92bedb68-2b59-4cb3-9520-fec1256dfa04
e5bdb329-60d3-4673-8782-1ab101f98187,Choose Dair,Dairy,Sub-Dairy-1,604,126,20e7f27c-8f08-46b3-950f-2c0bbf56722d
9747fd32-5076-46c3-90b4-5f404b86b219,Nothing Fruit,Fruits,Sub-Fruits-4,6,306,eafcc3e7-83b3-4392-b278-1cc6efc9a2a2
9d82e469-12e6-4fd6-9a41-837ac63c1d2b,Prepare Dair,Dairy,Sub-Dairy-2,131,322,1d344858-3396-49cf-be1a-6fe391841b4b
e4c3f640-fa46-4510-8f45-32df79fcaec4,Him Mea,Meat,Sub-Meat-1,169,451,1acc6cf8-0309-4b0c-88d2-8d58807168eb
b8a16df8-38c0-462d-888d-9c5e42704267,Difference Vegetable,Vegetables,Sub-Vegetables-1,766,265,36f49379-ba01-499f-be3c-ddfd8a6eda41
37cc1e52-274c-4fd2-bc0e-d0506c57973b,Election Mea,Meat,Sub-Meat-2,302,326,561d6fbf-83fd-40b1-8310-4e546ae02e94
3233bde0-ced5-42e6-94c3-70502e4fd8c8,Close Vegetable,Vegetables,Sub-Vegetables-1,628,48,41db1f38-77cd-462c-8482-63c48292e4e8
497662c1-bcb6-4b85-8368-1bfb152f54fe,Until Fruit,Fruits,Sub-Fruits-2,604,329,5b23a9d0-8fe9-480c-a70d-4fbf31e0ed8a
d2a3e556-244b-4a92-a5c9-e68099bd71ff,Out Fruit,Fruits,Sub-Fruits-3,753,15,7524d174-62e4-468f-8b7b-b8e555f73638
f54373ef-e8d6-44b8-8c93-5b88c90df8a5,Key Mea,Meat,Sub-Meat-1,437,320,46b1ce1c-f956-4c83-8ffb-b00e7bf490b1
610589f5-2ec6-41f9-9346-7f84f75c9566,Loss Baker,Bakery,Sub-Bakery-2,822,114,67e1f5af-2202-41af-872f-95cc3e80709a
08928fcf-493c-4a7f-abca-615245a308e3,Against Vegetable,Vegetables,Sub-Vegetables-1,576,162,079860bd-d321-46fb-87e7-f666e857b731
775c8a15-5ece-4728-978d-22544a5df522,Get Dair,Dairy,Sub-Dairy-1,977,251,5c4feebb-7058-4aa5-ba5d-fde76d27de21
0b3f040c-2cd4-48f4-b5dd-dc3a588ae3eb,Window Snack,Snacks,Sub-Snacks-2,375,30,6873fdfe-eeae-4fe6-8401-8a55246c0872
0629219f-2176-40d7-8765-4aa1024cf4ac,Room Snack,Snacks,Sub-Snacks-4,353,299,6b79f758-cda5-4b19-9cd0-157a8396f73d
cd0260b8-01cc-4326-aff6-ba4ecd15d083,Standard Vegetable,Vegetables,Sub-Vegetables-3,79,141,d22c6d75-89a6-442c-aaa6-a0e3d4763f0f
081878a0-109a-42f2-a09f-638a59e18ff3,Ok Snack,Snacks,Sub-Snacks-1,696,61,0a82e1c8-f758-4f44-a3b1-43900b3d4650
71b615ab-4d03-474a-85f8-20e0f1bc1df2,White Fruit,Fruits,Sub-Fruits-3,612,419,8f8ab2b3-a979-4768-8f48-7d0182f3e6b4
089d2e9f-0785-4cb7-85dd-b002fee30c9d,Real Mea,Meat,Sub-Meat-4,175,158,703961ac-8af3-4ca1-94a5-4fe8f1972c3d
97db27c4-b646-4064-81f7-f5bed1e26e2a,These Fruit,Fruits,Sub-Fruits-2,43,416,5a6d40ff-5752-4605-89b5-12bdc59d8d49
078a229e-434f-4036-8445-a8b26bfdf887,Community Fruit,Fruits,Sub-Fruits-3,419,461,12940219-a679-4c3b-a4a2-1a9a1892e49d
79aafebe-36bf-43f2-8278-c795a1dc37eb,Not Fruit,Fruits,Sub-Fruits-4,795,112,73550060-3b7b-4858-ae63-ab265ca90be9
2b290c09-f79f-45a4-bef8-9ab381037d6f,Push Mea,Meat,Sub-Meat-3,226,344,d4e05b71-67df-4d16-baf1-2c1e747fdb8d
3f021fba-b86a-4112-ac5f-d04ef7e1bcc7,Keep Baker,Bakery,Sub-Bakery-2,459,34,96f2ce95-e1a1-457f-bdac-a304b06a8521
e7631f67-8576-4917-8d5c-946f5518bf2a,Student Dair,Dairy,Sub-Dairy-2,121,478,12434137-f728-4c93-9c84-a013c2258beb
e1d6b9c3-f542-474a-95c9-ea7d5e2f123f,Close Vegetable,Vegetables,Sub-Vegetables-4,757,363,da65489d-5b0c-4c4c-9a98-6c92a29f0aef
2116f4c6-8d02-460b-bded-7af449ea246b,Show Mea,Meat,Sub-Meat-2,348,378,640080d3-4d06-4985-b2a0-82de003b91fb
dd8d9164-0a54-4e08-805e-95b663045a14,Yourself Snack,Snacks,Sub-Snacks-2,316,29,a1e5510c-ba27-43ea-83a0-baf71f191824
cac0292b-104d-4346-b01b-2e845c398881,Hot Mea,Meat,Sub-Meat-1,88,382,f172322f-628a-4e7c-a8a2-3d932b2ea546
9f9468c6-2345-4c3d-b337-f21077365f27,Despite Mea,Meat,Sub-Meat-3,961,308,8c30c440-3ed5-4e9c-b665-a350f15a7934
9fadcf5a-e87c-4809-8e98-9ddb4512b268,Management Mea,Meat,Sub-Meat-2,389,120,a275d991-5de1-4a44-ad97-aae58a221ca6
22fdf945-a880-4e03-aabc-35e691521ddd,Social Vegetable,Vegetables,Sub-Vegetables-2,959,205,6a13ea5a-da42-4f25-9e31-f392eea4e9ec
293f3fe1-ea92-41aa-a978-acfceeae4548,One Snack,Snacks,Sub-Snacks-3,210,223,f7163f72-4c31-4374-a4d2-0a5b64decc41
dc15801e-afd1-4831-8ceb-9a96c8ac01ce,Community Dair,Dairy,Sub-Dairy-2,330,484,a1c8ea5f-a8d6-4f99-be4c-478ffd0146e4
82666371-8961-4922-a4be-ce0149aabda9,Discuss Mea,Meat,Sub-Meat-3,908,442,f79edfa2-264d-412d-95b8-6c373661614c
974a29ca-94eb-4f84-8f3e-2fe92887a269,Pm Vegetable,Vegetables,Sub-Vegetables-2,276,365,93a266f3-405c-420a-bd6b-36f0a585c9d3
7c36545c-dedc-4428-a5c0-74033a7ff63b,Management Snack,Snacks,Sub-Snacks-4,316,177,27aac3d2-1aac-4002-ad0b-3f54bf206b7d
df089cda-bda8-448e-b495-f65eda39bc2c,Soldier Dair,Dairy,Sub-Dairy-2,967,32,26fb39d5-c339-46cb-9afd-cebcf7d6e3d7
714b58cb-2713-4729-8bdb-1127ace287ab,Positive Dair,Dairy,Sub-Dairy-4,425,72,df76e1c7-6d85-48e0-907f-4c61e1169670
5621202a-8bd4-42b5-8fe6-f8d07c52b775,Weight Snack,Snacks,Sub-Snacks-2,87,455,b8f297cb-dbd4-4a34-a08f-0d9e3328889d
8f2e0458-e88c-43ab-956e-21de8e411f6a,By Baker,Bakery,Sub-Bakery-2,862,69,9b431c59-d045-46e9-9fb7-791ed389d3a0
d0f30365-6ccf-4a43-9e95-0d785650e753,Sister Dair,Dairy,Sub-Dairy-1,723,259,4297172d-6373-4f83-b4c8-31e2907cd128
145239de-d250-4d51-b078-eaa3090c0db7,Four Fruit,Fruits,Sub-Fruits-4,781,443,f2ffe321-9154-4c55-94b6-899828c55846
d397d091-afee-47fc-a3b8-bfc5662281b1,Activity Dair,Dairy,Sub-Dairy-3,102,223,3ec25641-b356-4a1c-94ca-622f14b9d1f3
6d478814-944f-4314-a468-86d314bc28ac,Education Baker,Bakery,Sub-Bakery-2,818,138,8477be3e-a234-4b62-840b-4a416fe29b1c
f48ce7dd-6095-4fc5-8eda-9e78d003a4df,Ago Mea,Meat,Sub-Meat-1,721,134,32434d44-c153-4b80-9f6b-3551b9c57d40
8a6e9df9-5752-4a87-a803-cc7d0948ea5b,Operation Dair,Dairy,Sub-Dairy-3,905,65,2952f7c4-9a60-437f-b0e8-3ca2aa4bd370
6063dc9a-5074-4753-9823-edff3ef500bb,Laugh Snack,Snacks,Sub-Snacks-2,12,373,70c9e7ea-7220-4884-b257-452f22bef61c
cc76fa80-21a1-4e86-a87b-42794cb85a1b,Surface Dair,Dairy,Sub-Dairy-3,775,141,ac556c2f-c9de-43ef-8e3e-f4fc666d5e5d
3014be56-9a9e-4aee-972f-8c0e8eddbc6d,Control Baker,Bakery,Sub-Bakery-2,429,27,8ca61dfd-3028-4859-b5fc-5d09a7d5cd8f
c036f403-eb0e-4426-ac9a-2f6bffbf3b10,Want Fruit,Fruits,Sub-Fruits-1,115,364,b9b30679-5274-46f1-a121-9938eb48619d
883e8e8f-f279-4112-b223-e3ef5add761a,Become Baker,Bakery,Sub-Bakery-2,368,218,7d255ace-e46a-438f-a01e-f159eb4176fe
9e32df56-6887-4aa1-8d80-9de92609d0ca,Drop Baker,Bakery,Sub-Bakery-1,311,109,453d922c-ed56-4204-85d4-b30852d4a266
5cb0977d-1812-464f-ac78-bf654f0054d6,Window Mea,Meat,Sub-Meat-1,54,473,8b9a8c25-5627-4957-9910-c29678e345d8
4704612f-42a7-4dda-99cb-eb47f450221b,Choice Mea,Meat,Sub-Meat-3,884,176,1dcd8875-a251-4407-bb07-a7cbe4358985
f52fae18-d22c-4e36-8bbd-56cf7fd71172,Establish Snack,Snacks,Sub-Snacks-3,229,437,bdbfb79f-d167-4781-8268-2567e58fe342
f1fce7a0-1200-49d6-894d-fb101d46f2d3,Moment Dair,Dairy,Sub-Dairy-4,654,162,a61d8bba-0c8c-4f7c-936a-94b3c5bf3c61
c19d6281-7c7f-49c5-98d4-64cc08cd3882,Suddenly Snack,Snacks,Sub-Snacks-4,750,208,46679b5b-04ad-4906-bfba-845a69cf56c7
9cbc03e1-9d98-4e07-907a-c40f8f0a4377,Care Fruit,Fruits,Sub-Fruits-2,854,428,188c9d2a-dddc-42e2-a59a-f1102dc26919
6d1f98b7-258b-4124-b1ab-f92d9be553d2,Partner Mea,Meat,Sub-Meat-3,661,154,d5365a69-c423-4f28-8eab-09cb8dd6a32a
0bc30906-239e-45f9-ac56-da421ac3e71d,What Snack,Snacks,Sub-Snacks-4,554,322,8bab2cf9-7776-46f6-9e04-cbffa933d1c4
6bff1063-47e4-447b-92c9-4a7c99a7958c,Recent Dair,Dairy,Sub-Dairy-4,5,32,536e333c-caec-47fb-b9dc-702af55472a5
3a2098ef-4fe1-48d6-80a5-df9fed22d11c,Party Fruit,Fruits,Sub-Fruits-3,504,270,54923d81-d4c1-47b5-bd9c-cccae3286f73
c938e0de-cb6b-4929-87c6-ec1fa6fb76a6,Tend Mea,Meat,Sub-Meat-1,526,337,f365cda6-8bb5-4ec0-984c-c950580c4160
a527a825-f6d3-4fc4-8876-1c3a3d7b95de,Yourself Dair,Dairy,Sub-Dairy-1,558,453,403297e9-0b20-4256-b44a-c619798951d9
46678d62-8c3f-4827-a27b-f7565f4c3e61,Why Vegetable,Vegetables,Sub-Vegetables-3,875,174,4a38a00e-3913-46a1-a2bb-896a3d877ac4
6da7bd1d-2733-4d90-a128-d06fbcfc5fec,Court Mea,Meat,Sub-Meat-3,5,455,bd5fc32a-8697-4120-8488-3352bc36188c
fe5eefb3-0143-4c2f-a092-ba71d9b81198,Article Mea,Meat,Sub-Meat-3,666,29,f0e9b07a-5031-4950-8895-5e4f28290f8c
78877c56-7e7d-4390-9003-ba380b11c218,Wind Snack,Snacks,Sub-Snacks-3,831,498,5f23af2b-90e2-45a7-b4d6-f02d3fbf2ab0
b1a2946f-475d-461f-9059-449bd4cc6c86,Blue Mea,Meat,Sub-Meat-3,212,426,d4ff3cdc-77c9-4451-ba73-409cf9505230
337496d6-05aa-49e8-9603-ef5abc6b4bc5,Believe Fruit,Fruits,Sub-Fruits-1,745,326,117beff2-a154-4308-8876-ad22f49dbe67
68cd0831-876c-4c49-8762-b35e1488bdf9,Something Fruit,Fruits,Sub-Fruits-1,823,139,20e7ae5b-6227-4bce-ae0c-2eecc827acf9
4a861a2a-183f-4445-b5d6-d03c3620529d,Reveal Mea,Meat,Sub-Meat-4,708,333,4a5ff37e-ccbd-495f-ac13-6b5daff55ba2
142d4818-4937-426b-8e6d-db57c4c63c40,Early Baker,Bakery,Sub-Bakery-3,298,485,3b664587-1c3b-4b2f-8af8-71943b930b01
377e5882-217f-44b0-820e-ab04ae484ce5,I Mea,Meat,Sub-Meat-2,595,204,589c3f74-17a8-418d-b9ee-bb951086b529
9f052469-fc14-42fc-abea-80562c192951,Take Baker,Bakery,Sub-Bakery-3,807,487,8a481aa4-7f6a-42f1-99b2-5d05b4e9f096
fbba7896-1020-4e80-8b5f-cb09af9e16aa,Think Mea,Meat,Sub-Meat-3,590,21,928804db-1b21-4569-ad4a-64c7bf49a374
8f542bab-c35f-4119-98ef-3e8e91b9e885,Series Fruit,Fruits,Sub-Fruits-3,732,105,4c51b8e2-4fcf-4b0f-821d-83769c2adefe
30431e11-c98f-4580-adf0-5dd963527717,Stop Vegetable,Vegetables,Sub-Vegetables-1,541,112,580c41ab-8c54-46c2-96c1-910750fb55fd
4b2b0e64-d7dd-4048-a3b8-5bf8136a70ad,Institution Fruit,Fruits,Sub-Fruits-4,334,210,7924f107-ccfd-430f-901e-326cfcef5926
88ca78c5-db4a-498a-bfec-a8ff169ff7b0,Everybody Dair,Dairy,Sub-Dairy-4,222,397,5102485f-5fe8-4fbe-b6f9-84db2553312f
bb4d3282-c050-4178-9d76-f6681be62641,Live Snack,Snacks,Sub-Snacks-4,447,150,9b53f335-04f4-4dae-ad91-628ed497df78
230b2c98-eea2-4e1e-b4b0-bb4df50ad9a2,Ten Dair,Dairy,Sub-Dairy-4,448,54,0f15a674-573a-4596-b293-c5b21f9b7490
41d478e6-2798-4a05-b36f-8b12a5e3acc3,Particular Baker,Bakery,Sub-Bakery-4,208,63,3f5df3c5-304f-427d-80b6-afddbd1b057f
30354d6b-b511-4120-8e62-7eb74772fb3e,Fall Snack,Snacks,Sub-Snacks-1,253,266,a5ec36e2-30f4-4986-b228-390dafcb1f7d
c474bc7d-26d7-4d73-8fb7-45745fd0a37e,Ask Baker,Bakery,Sub-Bakery-4,635,460,66a3954c-d0ed-497d-abf9-8a4d30a702d9
61a38add-de28-4bc1-9641-5d06ac4668ae,Once Dair,Dairy,Sub-Dairy-2,884,92,ebfae2b7-91d9-4806-b801-d5e287ccd00f
30bb25e4-84ce-45bc-b682-d5216503ae80,Clearly Fruit,Fruits,Sub-Fruits-1,160,229,dae3f0c1-d0ce-4f5b-91ae-5703fd23073a
b8aced22-3877-4756-ac1e-6f078d5b8f48,Account Vegetable,Vegetables,Sub-Vegetables-4,927,266,42921dcf-10e9-4b64-9835-72feb4517bdb
d1c8afc5-4c31-4c91-8dff-090c80b53a01,Old Baker,Bakery,Sub-Bakery-3,839,242,b01cdb4b-0eac-46de-b00d-e28b6f1e2ad2
6aac2b7f-1083-46d2-b058-4698223a7e2e,Rather Fruit,Fruits,Sub-Fruits-1,526,430,570070cc-7a7a-40f4-8256-8284db78f195
0297061c-1241-4540-ac99-ac6a44fa507e,We Baker,Bakery,Sub-Bakery-4,437,146,6341baf6-d590-400d-bed9-f684c1ef513d
71f8b529-64ac-49d9-a3f7-4bb12fd58137,Face Snack,Snacks,Sub-Snacks-1,46,87,0f59a3b8-c020-49f6-96cc-5e6c449c7506
f8347966-ddfd-4cb1-acfa-6e41483150ba,Our Baker,Bakery,Sub-Bakery-1,489,386,30c3b8d9-c688-4c61-b537-4245ebd2175a
97116bff-778f-469f-bf65-f4b40f694fe9,Mrs Vegetable,Vegetables,Sub-Vegetables-1,933,28,7ba1efe7-210a-4183-b509-e4b428a4fbb6
b3fd705d-e623-4771-bb09-df771bfbcf26,Course Mea,Meat,Sub-Meat-1,925,174,f56d102b-e0cf-4e35-8c62-b7785d8de31d
9bb96185-938a-4341-8f91-a53b784f9a7a,Allow Mea,Meat,Sub-Meat-4,352,127,92adf96c-dad6-44e2-b636-6c075ab67905
f36e03f0-d34d-4c5e-a9d0-2b28215838fd,Nature Mea,Meat,Sub-Meat-2,83,171,0c76777c-ba0e-4006-8265-115310393304
51eafc2f-3b85-404c-8ecf-435501295e09,When Baker,Bakery,Sub-Bakery-4,43,57,5134027b-3481-4874-a43b-28f2c8b4afb3
73ed8f50-e7e8-47d5-afb2-0dae0bc8f224,The Snack,Snacks,Sub-Snacks-1,552,411,96adcb42-f302-46f9-85b6-0a92fc86513a
20721d3e-5bc6-468e-baf2-fba124d50d41,Through Dair,Dairy,Sub-Dairy-1,747,136,75b2f47a-93db-4820-902a-7f63bc65eeea
564daf51-5f3d-4a3f-a4e8-82d37341f474,Gas Mea,Meat,Sub-Meat-3,809,294,b9abe955-6b9a-471f-a82c-0746873ae5c0
0006853b-74cb-44a2-91ed-699aa31c5b5b,Particularly Baker,Bakery,Sub-Bakery-1,205,365,833a86c4-88c3-42cb-a39d-8c71ce831563
ef8b3541-8616-4339-a9ce-6b65ed2b0ee2,Together Vegetable,Vegetables,Sub-Vegetables-4,600,232,131fdb85-a22e-4148-95ad-d5ca03dd9099
7809f5c4-72a8-40e6-b484-236086c3c600,Operation Dair,Dairy,Sub-Dairy-4,432,378,cc922bc4-a628-49ae-b4f4-9e2719279fa1
ef10ad86-ef43-4646-a379-b229e4293515,Prove Vegetable,Vegetables,Sub-Vegetables-4,280,47,70e3c7fb-95c1-4cf3-a4a3-9f21540a45e5
a857f89a-2041-4789-aabb-1d7929230b94,Early Mea,Meat,Sub-Meat-2,136,445,c7bb8682-8df8-44b2-8b57-35361bb5d3a1
3d530e85-19fb-4da4-8672-0ce13e0daa73,Five Snack,Snacks,Sub-Snacks-1,444,338,3c61f793-eadf-42ce-8bfe-a1575b7f6d2b
1af2fbe8-a147-4257-a9c6-f344605f0d75,Suddenly Baker,Bakery,Sub-Bakery-1,817,121,0b5bc575-bf47-435d-af71-fb94c0e6c505
436f6af2-59eb-48b7-8ceb-281ff9f5a63c,Fine Mea,Meat,Sub-Meat-4,984,464,d935c38f-7b94-4c71-8116-c3bc0dd32688
565f0a41-9c04-4079-8499-37da3582c35a,Until Dair,Dairy,Sub-Dairy-3,276,226,d90131a8-c918-425f-b145-e8cae51a2449
3ebbc5de-9941-43d6-8305-e196fe8dfee8,Effect Mea,Meat,Sub-Meat-2,926,277,a26b7f30-16ae-44a2-bdba-01962f6df271
4e0b0148-872c-4c04-a238-9d0187ad2504,Weight Baker,Bakery,Sub-Bakery-2,786,34,2417f9b4-540f-474e-b105-6b78503815f8
9ad80fc3-5f58-480f-9f15-d3d28731a66b,None Fruit,Fruits,Sub-Fruits-1,604,364,e7b4fa4a-16c0-4fec-9dce-e64a4364b91f
059541ff-a15f-4d6d-8a5b-860bbae25715,Almost Snack,Snacks,Sub-Snacks-3,517,228,25fd68c5-8985-49cd-8666-154fa374037d
0ff68986-6dde-4494-bd75-88bac4160a7e,Important Fruit,Fruits,Sub-Fruits-3,492,352,40499415-7d85-4c75-b5dd-db3f50a446f3
1c9a5e6a-c81a-45e7-9e2a-e0e138bc77c3,Now Mea,Meat,Sub-Meat-2,802,484,9581f0f2-de8f-48c7-aa04-e62f34151243
63f2ab66-accd-4958-a654-7519c5314c39,Challenge Baker,Bakery,Sub-Bakery-1,562,213,cd0c0809-b5bb-4a38-84b0-0a6fb0021a3a
4abcaf84-e7fe-4efe-89ff-365a58054e33,Example Fruit,Fruits,Sub-Fruits-2,580,260,31a57ce4-8acb-4406-add9-ec7015d2f1e1
1d6e5c7d-c0a5-437b-b240-4a927041849f,Whatever Vegetable,Vegetables,Sub-Vegetables-2,385,335,dbe8976f-48c6-40c2-8938-e792179e692c
5ef15a39-43ca-40a5-b107-46c74ec2427f,Research Dair,Dairy,Sub-Dairy-3,728,232,9b5fdd34-a5e7-430c-bb41-26fe4cebb837
c0c6a283-d4fd-446d-9051-03d2a0d43498,Side Fruit,Fruits,Sub-Fruits-3,963,245,5abde26e-4c8b-4397-883d-7492844dd6f4
fe9edfbc-247b-44ab-b83c-a74894d14b3e,Policy Vegetable,Vegetables,Sub-Vegetables-1,671,203,7becfc86-45f5-4725-a021-a4d75aba4b45
2b3faef0-ce64-475f-8e18-8249eda49f7b,Those Baker,Bakery,Sub-Bakery-2,633,158,fee96902-748a-40b0-92d2-4e5bb2b570c8
701f232b-37f0-40f6-91eb-aaf3241a81e6,Character Mea,Meat,Sub-Meat-4,619,374,bdbdc5bf-eba0-475d-bd62-f423fb1af563
762acfac-b2f2-456e-85f0-ad697bc5b8ad,Your Vegetable,Vegetables,Sub-Vegetables-1,630,336,8e9209a5-56f2-4b4a-a11b-30459a0205f3
0219aafa-5dbc-4d92-acd9-8a78b4158651,Enter Dair,Dairy,Sub-Dairy-3,912,266,2a9672b2-72da-4b3b-81a3-0d4be445b42a
7af24425-a5d0-4d26-bff5-c8066b6b2a23,Issue Fruit,Fruits,Sub-Fruits-1,794,154,e4258d46-811e-41e1-92f3-68e50ca2cab6
a2473932-153a-42ba-ad1d-42ce06a2a3bd,Talk Mea,Meat,Sub-Meat-4,398,326,833fd3eb-bbc1-41e8-9ec8-a11ccf96d256
b59590c7-c1e0-47c5-a99e-eedef51e80fc,Ability Mea,Meat,Sub-Meat-2,785,271,eeb7c7c2-04b8-40ce-834d-5ef33bd3f479
08c1329e-6ab9-45b0-a191-f172e5b1e99f,Political Baker,Bakery,Sub-Bakery-4,520,145,f9f06b9d-f479-40b8-a6cc-97f3c95c5830
fda8e577-89d4-4c8a-8ab1-3b13d7c1af19,Common Vegetable,Vegetables,Sub-Vegetables-2,214,35,965fa73f-9ed4-46e5-870e-d6b857156083
b1cd48d2-3b21-4c9d-b831-ddd811cab983,Research Snack,Snacks,Sub-Snacks-3,621,116,e49aef6e-539b-46d3-b4f9-198cd9c73b57
b9d4c4b1-d499-4469-a1ae-219c9d587044,They Mea,Meat,Sub-Meat-4,560,398,88aef4e2-cba8-4ec9-a5dc-44efcafc9293
4419f509-26c0-439b-b8b9-3d73fe8fedda,Finish Mea,Meat,Sub-Meat-4,497,162,8115a8fb-a37c-43e0-b914-597d239bf085
5ea56bc5-5063-4d3c-838c-cd61506fa9de,Enjoy Snack,Snacks,Sub-Snacks-4,131,425,6710d02e-62e0-4d12-821b-4fc81a6ffa30
9d222301-106b-4d1a-b553-d92675fcb35f,First Snack,Snacks,Sub-Snacks-3,4,379,4dcc5b3d-614b-40fe-b6db-b34027170afe
5af7af56-f997-43cf-9012-97ad34bc9c9a,Against Dair,Dairy,Sub-Dairy-2,658,208,71eb9026-c9f7-4241-acd6-5830efc016ba
b4e911e9-1e68-4748-bea1-5ee571191136,They Dair,Dairy,Sub-Dairy-2,703,305,8c162db3-d71f-466a-8ba5-2448c28227b7
46c2e05c-1974-4783-90b9-a5b3885ce53e,Relate Snack,Snacks,Sub-Snacks-2,479,150,70d223c6-2601-430b-a4a7-7253d35a766a
02c7c358-da33-4586-8e32-5e459b7394fc,Early Snack,Snacks,Sub-Snacks-1,967,131,ba8f689a-c553-44f2-a2b3-93c8d435eecd
251aad65-afe5-40ec-add5-f9c9b549a6f0,Morning Baker,Bakery,Sub-Bakery-4,260,220,969b1426-05bb-424f-ac3e-bd1c47eeae7f
cf82678e-6b89-49d9-b654-7043e083726a,Expect Baker,Bakery,Sub-Bakery-4,805,396,2e9a1334-c4ea-4928-a709-f067c6804703
b30d65ec-1103-4a6f-88ca-b495ccc886bd,Time Baker,Bakery,Sub-Bakery-3,345,241,f76d5f50-3960-4fa5-8ea0-d641f1e9a845
402d0741-5b94-46e8-a78b-dee6c26c1136,True Mea,Meat,Sub-Meat-2,34,377,8d5263c8-b30b-4a7e-8c48-005d296b55a6
acf1fc59-9a32-4a4e-abad-06740dc14021,Understand Vegetable,Vegetables,Sub-Vegetables-3,19,148,ccdc0776-5949-470c-8446-7da9692be15f
f34f6d06-fab3-4841-b311-2e853b2f4575,Center Dair,Dairy,Sub-Dairy-4,88,470,2327cc96-dc57-4d0a-9079-6e685fa041e1
ffae20c3-cc92-4953-a2ea-711fbe9b70e5,Option Fruit,Fruits,Sub-Fruits-3,710,290,acd3d8ae-ab03-420f-8ea8-f63bd5fe98a3
bcf5cc36-0e00-47d4-ba0f-21f784b82b0f,Act Snack,Snacks,Sub-Snacks-2,852,393,433c35ed-375a-4445-b045-fd36bc1c1f1a
78afc4e8-2016-47d9-88e3-658ddd4d67fb,Age Mea,Meat,Sub-Meat-2,596,269,bac1add5-3bf2-478a-9ead-caffe01094de
a01bde5b-2c7a-4aba-9a2b-abf2c9f97751,Benefit Baker,Bakery,Sub-Bakery-2,523,338,e81bf0ed-1e93-452f-88b4-25eccecb1772
0e737dc3-f853-4269-aecf-2768af66ad54,Population Dair,Dairy,Sub-Dairy-2,908,230,c49d6030-30ab-404f-ba3f-7cddeabd4cbc
9d7863e9-24aa-49b8-bebd-66f55ef57c4c,Magazine Snack,Snacks,Sub-Snacks-4,52,307,43e38dc1-8370-4e85-b9a3-787d7b73f3d6
c2f06c05-0626-4ff4-9797-1fe87a61f517,Major Dair,Dairy,Sub-Dairy-4,371,264,c7d9123a-62bf-4b3b-a713-54d501d90459
0fd54576-f933-4c77-8c7e-d5d482ff2e4e,Push Snack,Snacks,Sub-Snacks-2,629,384,6ca1c9b8-4b17-4207-ae90-1eddc5d3c697
550f54f8-99fd-44ad-a642-89a49e63b694,Show Baker,Bakery,Sub-Bakery-4,101,262,b593ede4-54de-4c4b-b6c5-26898d7d2035
7d5b7352-91b2-4384-b449-fe66f8b4bee1,Attorney Dair,Dairy,Sub-Dairy-1,702,339,a4a97762-0606-4419-a156-85fc31918054
ae4d5e32-7ccb-4daa-bb63-0030e2ae5e66,South Fruit,Fruits,Sub-Fruits-3,905,403,12a63ee0-65f6-4cae-9573-53cc9a7ee44d
526969b1-f60a-4ccd-906a-20e8888a13ec,Character Dair,Dairy,Sub-Dairy-4,634,367,e9774be9-7da8-43ba-a90b-8d73781d0ddf
d1426f37-0673-4e5d-8c9a-bb6fe2e5d819,Player Snack,Snacks,Sub-Snacks-2,405,218,eb2e613a-067e-4b25-b9f5-838ea633c37d
f1980b75-48d4-4693-b814-e686a79d55a8,Nothing Vegetable,Vegetables,Sub-Vegetables-3,754,30,c11e72d9-9b28-4920-ade8-a5bf7bb35d81
99164df3-0eb6-46d2-afdc-f39c41ee02e3,But Mea,Meat,Sub-Meat-4,103,192,7f74be56-b9b7-4f5d-b740-fe814f153856
57893364-125e-4c30-82c6-ad91a0fed65b,Fall Snack,Snacks,Sub-Snacks-4,787,237,7da860a0-f1e6-4fa7-8ed4-6c41d69f0744
c4c0d247-e25c-45ba-83c2-0cad5e38bad0,Local Vegetable,Vegetables,Sub-Vegetables-4,810,152,09a90317-f5fb-4b8b-846c-edf392dcad06
0849a082-77b2-48c0-baa8-4630ae1c4edc,Song Dair,Dairy,Sub-Dairy-4,390,294,3277efc6-ad92-455a-bffd-c0db6a06f2ad
ca33935c-6a1d-49c9-9f4b-6f2de7979df0,Door Dair,Dairy,Sub-Dairy-2,812,489,5d905a13-6e95-4142-8b11-a2c3dc1e5ce6
1034fbb7-fdce-49e2-9230-98af72d7fa15,Capital Snack,Snacks,Sub-Snacks-4,620,391,d73f6dd9-6879-4e28-ac93-4947246230eb
107f04c9-16a4-466b-a3e4-2017e0288d37,Perhaps Dair,Dairy,Sub-Dairy-4,259,134,b729c046-6b07-4504-b2bf-ee375980d9ca
7440a0ac-5047-4678-9454-2164e8af1dd9,Produce Vegetable,Vegetables,Sub-Vegetables-1,785,212,c97913cb-38f8-4978-a565-28af25b41737
e1f4d8dd-8ec4-474c-a48a-8778a9954ffc,Deal Mea,Meat,Sub-Meat-2,185,401,e81ce4e8-9b74-4d4f-a253-16bcbce45c8b
af3cb2ac-3bc3-4622-a007-8992fda05ba6,Threat Dair,Dairy,Sub-Dairy-1,145,279,c8bf1829-f483-466b-90b9-136e6282b6dd
f021a3ab-79f8-4a70-9ac5-e794e73462fe,Inside Snack,Snacks,Sub-Snacks-3,917,394,2a060808-1388-426e-8b10-47c46d23a9bf
6e29d111-c3ce-4b0b-8ad3-2553d8e1b31f,Method Fruit,Fruits,Sub-Fruits-2,130,210,383a9185-ecf8-41ca-b260-571959d3df6b
63166d1c-176f-46de-bd44-f40fb55c4697,Exist Vegetable,Vegetables,Sub-Vegetables-4,716,384,1ed42886-b391-4bd5-9b46-10be8e18eece
b1780b6f-3904-4f59-96c1-433d34db0450,Theory Fruit,Fruits,Sub-Fruits-2,376,103,0dc465e4-4e4b-4a3a-a311-1a5070024315
0bd75e21-572c-4943-9c5a-2108036fb08d,Challenge Snack,Snacks,Sub-Snacks-1,763,117,9b9807f9-5f77-4c83-a329-f748f5ebecea
176d1258-486b-4c78-8af8-d6a539137aec,Analysis Dair,Dairy,Sub-Dairy-3,417,151,27138a8b-2560-4511-8f6a-516976d2e486
da2006f5-114a-449c-b625-251a406a7b99,Why Snack,Snacks,Sub-Snacks-2,509,207,0a9ab0f8-df35-4ee9-a45d-59fdd71b7139
b60ae1a3-31d7-40df-890f-ec51b30cf38e,Interesting Vegetable,Vegetables,Sub-Vegetables-2,799,455,3167b6bd-d12d-43f0-a61c-b5e084691120
c5c80025-7ba4-4417-b997-0442b1b7a159,Memory Mea,Meat,Sub-Meat-1,893,451,0bb2ea5d-2c71-4896-9960-4f6cf1c89f76
6d7d194c-71d5-490b-8081-2832d240cdf1,Case Snack,Snacks,Sub-Snacks-2,269,469,f01a3703-fc75-44a1-91d8-f0194330957a
5ac10d67-2d4a-43f6-a472-062092ae814a,Than Vegetable,Vegetables,Sub-Vegetables-1,539,331,04e7f3ba-fb08-4d99-8169-e633b56e0c53
b8a25bfc-ec75-42ad-8979-50581b4e4c7c,Treat Baker,Bakery,Sub-Bakery-2,591,254,52e28504-81ba-4ad8-8aea-107b2ecfd42a
c6758604-a957-46c3-96da-bed51d90552e,Pay Mea,Meat,Sub-Meat-4,626,420,bfe27370-3a55-4cef-b661-05e2d0aa260e
0d5eb025-1830-4bc1-9783-ea5680bf774b,Fish Fruit,Fruits,Sub-Fruits-2,978,183,47063a42-9f17-4dc1-be22-59e5b7613ffa
2ed9116b-9b34-4db4-b81d-47d88ac4f180,Control Snack,Snacks,Sub-Snacks-3,193,36,57d7a85a-c091-4bc8-83b5-e924c0d1238c
06f25d10-d589-4647-ba6e-3b405177e73e,During Vegetable,Vegetables,Sub-Vegetables-4,3,329,6b751964-6a49-4ff2-ad49-82ae995898f0
78b2d049-d84b-4974-8b4b-19f6cebbb290,Even Fruit,Fruits,Sub-Fruits-3,428,324,dfd61eba-6113-4a15-bfa1-04501ddf5b0d
2d7ae403-9aca-474f-a165-d3c9116b22df,Control Snack,Snacks,Sub-Snacks-3,664,148,ba4556ce-dc04-4cbf-bf03-1a9340c6d712
e3ae8558-19e4-4d01-959d-2f46e485bded,Sit Snack,Snacks,Sub-Snacks-1,494,147,90302db5-08fb-4581-a23b-028902ef3cae
a7dba5ad-1d75-44da-b049-86fe5266ac10,Quite Snack,Snacks,Sub-Snacks-4,635,148,5353cd9f-b502-4e80-b834-7fed6e239fed
fd35b4cc-4bf6-4862-a58e-d16473007d77,Threat Mea,Meat,Sub-Meat-4,939,240,a6a63cfb-2027-4a5c-8b25-3f3a3b5051ca
709df9b9-618c-4e03-8849-411c3b828ec6,Data Fruit,Fruits,Sub-Fruits-2,200,276,e53731bb-5a0a-44bf-a412-488079556ef1
c82914d0-4c8c-41b9-812b-9a69c3fb397c,Local Fruit,Fruits,Sub-Fruits-2,89,421,24dbc881-71ef-44c4-8883-be4963b42b64
31c87c20-89da-459e-b870-b337d371c307,Land Mea,Meat,Sub-Meat-2,320,364,713d822e-9680-4ac7-a0d9-86cf9c5d8c85
8aba364b-ddfa-4752-9fb9-c4498728919a,Field Fruit,Fruits,Sub-Fruits-3,2,436,5aba0e27-482b-4d3b-9e12-534a44c55378
6949ad52-c4d9-4562-9323-69aef7b63255,Blue Mea,Meat,Sub-Meat-1,349,224,6f1df8d3-83ba-4d13-b214-6ca6bd786e34
a5d072e5-100d-4153-9a09-49d591aef920,Themselves Snack,Snacks,Sub-Snacks-3,20,472,89fdc429-6da2-4170-be77-8491fe3155ab
f8aa9098-747a-4324-b769-501d0f614286,Successful Dair,Dairy,Sub-Dairy-3,178,347,cd795329-1d75-4df1-88bf-4100372e9c1f
8b0c3dc2-ab3c-498a-9036-a2e3a531fce2,Law Dair,Dairy,Sub-Dairy-1,226,101,b7db2083-9833-49f2-9acc-9dac477b93f0
1583c6e6-22d0-4517-8b33-0429634de12c,Start Mea,Meat,Sub-Meat-4,386,11,e127492a-b612-41ac-8fd4-f5e8e1316123
800dde56-071e-4e60-b713-a10fcbecfd16,Simple Baker,Bakery,Sub-Bakery-3,312,196,def99d39-efce-43ed-befb-5aa9b4b793cd
ddd1be86-d3d8-4773-a0d8-66de901f7d85,Ball Dair,Dairy,Sub-Dairy-4,471,136,def1efc4-03f1-43fa-9ae4-c694ca2224f6
290d2f8c-f92a-451a-b9c9-bff2c259a987,Hospital Dair,Dairy,Sub-Dairy-2,836,139,c651f998-bee3-4fa9-b2b3-a30439094a3b
9c85d0e7-277d-4ed1-ba08-08b838ec0a48,Address Fruit,Fruits,Sub-Fruits-4,279,293,1dda4f22-68a8-4147-9936-4a524b1079b0
d0ea39b6-0645-4bb3-b162-d7d9ca0f92bd,Lose Vegetable,Vegetables,Sub-Vegetables-4,210,50,31b43357-c3a4-4a20-a98c-88ba811b886f
7ce25ace-94fb-4b67-9b2d-2622c7c33d12,Way Vegetable,Vegetables,Sub-Vegetables-2,894,386,c3848e31-f833-4fdf-955d-c48bd8d09ef2
8999e81f-280f-414f-9223-6d330baea513,Leave Baker,Bakery,Sub-Bakery-3,360,51,20ac4fad-9207-4e05-97ea-c93d9f0a826e
d840de5c-31c2-41c9-bcde-10e84ea852a7,Big Baker,Bakery,Sub-Bakery-3,476,289,14454569-dc1b-4441-9115-844a615b4a6b
5e12bbaf-c213-485a-9d68-a9c8ee949bee,Buy Dair,Dairy,Sub-Dairy-4,614,37,75245bc5-6fbb-4108-b91e-74c7ffc484a1
0b42e5af-2113-4356-9ec8-60087b32f3cd,Mission Snack,Snacks,Sub-Snacks-1,183,264,bc568c28-6855-4743-b989-540ebca39008
ad81aa1e-b1d6-4bc9-9c2e-64554301f613,Beautiful Fruit,Fruits,Sub-Fruits-2,137,271,6fdac5f6-94fb-4641-b643-a13a756acaaf
b5fb1a79-f64e-42af-8148-888895e330e0,Person Mea,Meat,Sub-Meat-3,925,301,fbbd061d-fd5a-4971-84cb-45ac242b9685
68a35959-4a8d-4b15-b9d1-728acfd859b2,Style Dair,Dairy,Sub-Dairy-1,675,384,897e6939-8e34-45c7-bd7a-7d2add55d6c8
85145165-ad72-4f20-9b7d-794e6965dd89,Position Vegetable,Vegetables,Sub-Vegetables-4,891,164,4d8b5165-4107-471e-b4a5-3c5d5e4326bf
3f8e9db8-40c4-4a3e-8232-8421957a2692,Keep Fruit,Fruits,Sub-Fruits-4,247,10,942d3fe3-0934-4aea-9e53-7c987bcd8ec6
7734fc07-a089-496c-9994-0a34a0c5d46d,Officer Mea,Meat,Sub-Meat-2,648,49,89b1eda5-9b50-4676-9526-36cac8fcce01
bd5f58e3-1f60-4e36-b750-c6d373f4988c,Consumer Vegetable,Vegetables,Sub-Vegetables-3,455,25,4210a66b-0fc8-453f-8cee-52266e9c5861
95e07907-f021-41d7-983e-c72e96ed62e0,Create Snack,Snacks,Sub-Snacks-4,150,490,7404e664-c243-40da-b135-042051d91961
1d05dff4-c0ec-46f9-9ad6-0bf8476d0032,Yeah Dair,Dairy,Sub-Dairy-3,109,59,b565c011-5cc7-47a7-b9c6-192a962a7a7d
1d0f20d7-1e8e-4087-83fe-854d19bd5689,Since Vegetable,Vegetables,Sub-Vegetables-2,16,306,8f93afc7-fea4-4ad0-a23d-1d121be74908
3812a751-a562-4541-a5b6-afa280950edd,Big Mea,Meat,Sub-Meat-1,803,335,79133f18-ad3c-4d4d-b778-acf959d7a2ee
133dd774-ce8e-428f-a145-7d5ede33c199,Blue Fruit,Fruits,Sub-Fruits-2,8,210,0f78d378-5793-4e6d-a19c-67c5306739d7
a17f0521-7383-4f63-9620-f935acdec4e7,Expert Baker,Bakery,Sub-Bakery-3,107,487,8e28284d-6a55-421c-8161-974479e7c78b
2e7be076-9d2c-4f41-8785-0664e6bfdc37,Special Baker,Bakery,Sub-Bakery-3,357,162,db938f32-46b5-4f5f-9c56-3bc7271cb133
67908e23-d178-464f-bea9-0e974b08f8cf,Take Fruit,Fruits,Sub-Fruits-2,738,84,eba03901-afb3-471f-b286-f2138ddca3db
8ee217fe-c1f6-4ca5-82e0-86647612f2c9,Occur Vegetable,Vegetables,Sub-Vegetables-1,525,249,ebe2a2ab-74f0-431b-8e23-5978da6e94d0
2f8aa6ee-ad7b-4e4a-b300-f4a35647665d,Long Baker,Bakery,Sub-Bakery-1,915,50,e2543446-6dc5-4858-b57d-296713f6f89d
fa0e98d1-bda5-4cfc-9079-6de353b52632,Manage Snack,Snacks,Sub-Snacks-3,466,351,89f8df2d-c698-4da8-8718-7baefce1e216
ac41b97c-e7b7-4b05-a1e7-c06cc3d6f832,Strong Dair,Dairy,Sub-Dairy-4,846,191,d00d5049-e32e-4c92-a762-f2eff3e9e55b
eb9ce5ad-14c3-4786-aa1d-527216e10e3d,And Mea,Meat,Sub-Meat-3,593,122,a9eef6cf-7cba-4198-88a8-623a1084e147
0cf943d7-9207-434c-ae3e-f4b305b90e6e,Claim Fruit,Fruits,Sub-Fruits-2,655,467,71f28aaf-5830-4c1d-bb9b-299240d69ef4
1c281ebd-833e-4a68-ab7f-4ce1912d78bc,Sell Fruit,Fruits,Sub-Fruits-4,152,29,1297e15f-28d8-4052-8958-25663a44cff8
20c63bc1-3c23-410f-ac03-4edf5af4704c,Popular Fruit,Fruits,Sub-Fruits-1,84,106,688a9709-82df-4c5b-9b89-0858c40b9aae
e705f284-1826-4fd0-a22e-51e710ed0cf6,Nation Dair,Dairy,Sub-Dairy-3,175,184,565d26eb-7cc8-4a1f-b3e5-9af76ce5be19
f817c097-4643-4880-8f0f-6e6d336392b7,National Dair,Dairy,Sub-Dairy-3,339,18,20d5cc1f-1eb2-4106-a3d4-f7368abcffbb
8bafab49-f89e-4668-8c76-518348c74078,Majority Fruit,Fruits,Sub-Fruits-2,516,484,5f8baddf-f27c-4e4c-8fbf-e5c31d378f3c
92e3866b-ae8d-4d5d-8cc9-c3bb47455ca2,Eat Vegetable,Vegetables,Sub-Vegetables-4,303,297,a685c40d-e0b9-4cfd-b74a-ea145ac345ce
7103476e-3e51-4a94-a0a7-7b108140d577,Market Vegetable,Vegetables,Sub-Vegetables-4,544,131,d5fbf524-c432-4398-8d48-4c611bfde3cf
0c41f0cc-98c8-4251-9efc-09eaa45b771b,Card Fruit,Fruits,Sub-Fruits-4,515,209,78beb1a8-4de9-4aca-8988-7bbf674236e0
80ef3b8b-7c57-4a42-8b90-39166c8b8af6,Through Vegetable,Vegetables,Sub-Vegetables-1,155,297,98449294-b62f-4150-8cb1-9faf54e5b938
04d0f4ba-ccde-47d9-b846-ad470b5048fc,Choose Snack,Snacks,Sub-Snacks-1,575,114,271b1d05-c6d8-4770-9293-8315deda2dd7
2827710f-0130-4156-8d19-6b3a3cfbbf98,Run Vegetable,Vegetables,Sub-Vegetables-4,570,415,019cf8d2-3737-4208-b362-2fa67ab12cc9
574d9b9b-794c-40c9-a892-462dc6c4b106,Above Mea,Meat,Sub-Meat-1,611,382,7af7bb4a-a337-4c68-bf29-18a46e757bd2
e3c8ae5b-97c4-4dc8-83be-814f981d3250,Process Snack,Snacks,Sub-Snacks-2,197,72,897b3e33-2b5f-4c80-92e1-e48d7e64699d
af0e439e-6531-4e5a-9e59-3282652551cb,Of Fruit,Fruits,Sub-Fruits-4,971,203,47d056aa-20cc-4ac8-bb28-9529c20269c4
9ab96d8c-d587-482f-8ff5-4417705fb184,Second Vegetable,Vegetables,Sub-Vegetables-1,58,365,1776095c-f33e-49a3-9b42-fdeb39e40dfb
83ba046e-21b2-4567-a174-d6258471e18c,Let Dair,Dairy,Sub-Dairy-1,390,290,5f360822-f9c9-4b0a-a837-aa4dfe086d9d
c6e0b3f3-303f-49e2-9062-7fc4e1750389,American Snack,Snacks,Sub-Snacks-2,977,27,18c5b12a-1799-416a-917f-0a268e11fdda
1759be76-c642-4525-b04d-075e4163c79e,Wife Fruit,Fruits,Sub-Fruits-1,830,231,6b153504-f044-4af9-a39e-2bf336ef2ee7
6bb9b083-9a81-4186-b5db-78b1c0b31e49,Kid Mea,Meat,Sub-Meat-2,763,80,052cf712-d6ba-4bdb-bd4c-2c424b223e71
11c83d33-0898-4711-84f5-0da2e020c8c5,Available Snack,Snacks,Sub-Snacks-3,10,261,9b30b10a-b5c2-478e-b4f4-f7baf2ea65c8
6d26d138-47e1-4082-a20f-8ea8424ac57e,Society Vegetable,Vegetables,Sub-Vegetables-1,164,252,6968d842-6e78-416c-a84e-e7ceb10ed377
bdb11574-4243-45f0-9cf3-cc4e9273e460,Structure Mea,Meat,Sub-Meat-3,310,237,657256ae-2ab6-4285-be4d-4af31b75881b
ba645ca9-070f-4db7-b4b9-24cc874b9316,At Vegetable,Vegetables,Sub-Vegetables-2,407,275,18dc29aa-3b9f-483b-b1f1-e37aad7f56a0
b64c2266-07d2-4d44-a22d-35d06cc9c970,Create Mea,Meat,Sub-Meat-1,241,140,09656f8e-9eb5-420d-bfb0-0e23906fa85c
064d30f7-40a7-4059-b207-a31372b5d549,Arrive Fruit,Fruits,Sub-Fruits-3,887,32,75589de0-9d5b-4793-b323-098d605af0b5
5c35ca05-42a5-40d5-ab2e-4db74bc0e369,Network Mea,Meat,Sub-Meat-4,340,445,078a9726-db8d-46d1-b1ef-7fccabf4eed1
bacf2057-112c-4c2d-844e-24f76c95900f,Nothing Snack,Snacks,Sub-Snacks-2,669,293,9a86901e-67e5-4bf8-97ba-1de17bd4c182
2ddc2db8-9eef-4622-8860-c9771dbcc6d9,Interview Dair,Dairy,Sub-Dairy-1,580,284,b7e60099-41a5-4588-b019-50d12ff59a85
6e5731fa-bbfe-4885-b07e-576a18555708,Gas Snack,Snacks,Sub-Snacks-3,72,160,2d84184b-beb5-4222-93d0-f4e7740a3201
f6f8e008-7677-4755-8030-a8227ae3e7ea,Reflect Baker,Bakery,Sub-Bakery-4,945,230,3242ce83-8753-449b-a5da-58bfe23e011c
2391ab4e-9e41-4a92-b97e-85584fc15d45,Environment Mea,Meat,Sub-Meat-4,42,341,858be9c9-9530-4b82-a09c-8cdbbc861f58
e21c411d-0adc-46d8-a262-58ed85b65298,Process Baker,Bakery,Sub-Bakery-3,40,265,c2dd477f-ddec-409e-b3d9-229a91af5ee4
35daff36-23db-43b5-9b65-3d78ec8e467a,Subject Snack,Snacks,Sub-Snacks-2,946,381,37c1498d-c33d-49a3-97bf-60895db92cee
7fcd3144-18c8-490b-bb78-c32e87776e8e,Onto Mea,Meat,Sub-Meat-3,597,57,d5d8ba8f-0b93-4f89-865a-7b650bf4993c
bbb7b4eb-0e4b-42f6-b02e-ce03d3924454,Always Snack,Snacks,Sub-Snacks-4,937,190,8f1c48f3-47b9-431e-adb6-bdeb7b825542
63b5f8f4-6e55-42ad-98d4-bd6c3785d184,Sing Fruit,Fruits,Sub-Fruits-1,320,364,19c3ef8e-1b4f-4b51-99cf-e8e3b3494152
dc685ac6-2c31-46a4-a684-c536da80ebf2,Movie Dair,Dairy,Sub-Dairy-1,773,174,490a81b7-fafb-44de-b555-01b268b00359
885ba786-3553-43bd-9fc1-da76732c9a20,Better Dair,Dairy,Sub-Dairy-4,545,376,d2fe8346-9d41-4406-af88-a5c41c93b459
2e5e934b-06ba-4a6c-8fab-c550f50ce889,Sister Dair,Dairy,Sub-Dairy-2,54,248,58319574-f47a-4fc1-972b-2c4846f519f3
2a2948a4-1d57-4068-8844-f1c8b41f1699,Find Mea,Meat,Sub-Meat-3,251,348,6b1526dd-321a-4b82-a5b5-3ec5cecf580c
6cc23125-9cfe-492d-a896-a5e9b52ca05f,Beyond Dair,Dairy,Sub-Dairy-4,726,117,d71da167-181a-4ee0-b1db-ff6e0042ddbb
712f7bc1-3dca-4f98-8f18-bf78e260f36e,Board Fruit,Fruits,Sub-Fruits-1,936,373,82eac052-e89e-4084-995e-10aa98a9db7f
55a3d70a-c3c4-4a51-af63-ca3cc04eb799,Occur Fruit,Fruits,Sub-Fruits-2,129,285,8e77fd77-7e30-44a9-b664-157e2cbe065f
dd42d103-2027-47b5-a24b-da44dbe94f77,Seem Snack,Snacks,Sub-Snacks-2,623,270,f051beda-b6c8-4b14-b587-18c8441b1884
ac15984c-0c62-4a3f-859d-3af51148b9e7,Your Baker,Bakery,Sub-Bakery-4,231,365,06333348-5fde-4b50-b64b-9d465f77b192
37e9314d-3051-4848-aad9-acba1d43ac76,Stuff Vegetable,Vegetables,Sub-Vegetables-3,570,415,f75b5793-3d03-4364-9b8e-f31b724c9183
f01c510c-a8f9-4706-8e27-cc0f225a454a,Total Mea,Meat,Sub-Meat-3,426,156,fb062add-0d09-4dc1-bfdd-9f0d65cc04da
a90edd34-a516-4117-ad2c-b896f578f3e4,Body Vegetable,Vegetables,Sub-Vegetables-4,482,92,048ddfde-05f4-4d73-be65-8fabd711e00f
9e00b8a8-e88a-4fd1-b5fc-eb6b3fec64b9,Even Vegetable,Vegetables,Sub-Vegetables-4,184,290,b2dd8e31-88ea-43de-b929-277c4656c863
c451421b-af94-4ff5-8cbb-f2b436641ea4,Over Vegetable,Vegetables,Sub-Vegetables-4,67,164,b71ae55a-132d-4450-a385-36c330094068
97c6b34d-f70c-45f8-b0e8-578278e7ddd4,Never Vegetable,Vegetables,Sub-Vegetables-2,824,378,2c49fb60-065f-4f1d-978e-f4eaa49915da
8996bb0d-2bfb-4f29-b033-9d96cb59a60a,Prevent Vegetable,Vegetables,Sub-Vegetables-3,396,322,2bbaaa94-d46d-409f-a117-8f6f990bb722
0e57a07e-2df4-4bbe-94b4-96e5893a657a,Cause Vegetable,Vegetables,Sub-Vegetables-3,654,168,8024dd4c-9185-4782-8ad2-f9c7b10dead9
04c600c0-b84f-4de8-a71e-205528c610eb,Word Fruit,Fruits,Sub-Fruits-4,310,295,1cd26290-be3e-4bc7-bed4-c0d0ece13a4b
3dd4e65d-bb45-44e6-9ed5-0ec5d496b20f,Loss Fruit,Fruits,Sub-Fruits-2,122,478,d71b6bae-3bab-4812-bb40-1fce2d5008bd
ab15db7b-7776-4d2b-89c7-e01275014318,Half Fruit,Fruits,Sub-Fruits-1,368,211,585a812d-b187-4ec5-b188-a51994e3dd8d
233e2b6e-b9a0-472a-8b66-3a023d4fd117,Economic Mea,Meat,Sub-Meat-3,406,51,c45440b2-5e14-4edc-8c2f-def8b17e47a0
2443e818-33af-4450-bab6-7caccd87e424,Stand Vegetable,Vegetables,Sub-Vegetables-4,732,63,0b87e7e1-0053-4879-b932-119458cd6d31
5a58fa60-f366-4aee-81ad-68da6c7ec2df,Center Fruit,Fruits,Sub-Fruits-4,252,366,ae7325ea-fe46-4470-924f-fe7021588f14
4aad519e-3879-43e0-b473-c74f56e0ed9c,Thousand Dair,Dairy,Sub-Dairy-2,319,409,1e8f0fe6-ec15-46a3-939c-337bb09d2777
4d29cd55-ec12-4721-a814-041968b76d1f,Feel Dair,Dairy,Sub-Dairy-2,206,101,60c59149-cda9-4883-9232-59ea05abdc16
690b2ad1-5c12-4559-80c5-0ec585e9b801,Military Mea,Meat,Sub-Meat-2,428,387,289f9c4d-3ac3-4dc8-86c0-f249618c8b48
5cd17c82-23ac-46a7-82b6-10623d68e88c,Material Fruit,Fruits,Sub-Fruits-1,286,100,a6088cb6-91f0-4ea3-951e-029462d2a842
227f5964-63b2-4923-9a65-73ac9e7e8b39,Fish Dair,Dairy,Sub-Dairy-1,379,380,375fbe60-e824-4942-a7d5-41786ac6faba
61d584f1-bd68-4eee-b226-9a8c0637e057,Suffer Mea,Meat,Sub-Meat-4,42,438,66b7537f-b97b-4d26-a63d-40b77d6d8673
7dd6f379-87f8-4762-816d-57f130588ba7,War Dair,Dairy,Sub-Dairy-4,189,253,260e110f-437a-41b8-9a41-5ad10791e1a3
5b0e744c-d356-4b3c-8938-ab78665e8e0e,Side Mea,Meat,Sub-Meat-2,611,135,5debcffd-edf4-433a-ba5e-190985e7fdb9
404cb633-025f-43d6-a87b-6616fe1d71e1,Black Vegetable,Vegetables,Sub-Vegetables-3,962,319,37182881-d7a3-4248-853f-2e317d6e0941
65f6c464-8fff-43af-866c-f1d7ae8503e7,Idea Baker,Bakery,Sub-Bakery-2,989,440,2101ce9b-6da6-4600-9521-d3aaea6fb9f9
a4048a9a-9136-437f-a2d4-d85c88388639,Close Dair,Dairy,Sub-Dairy-1,829,442,6d44754c-f321-402f-ae15-95207fd814ec
e2057a75-eeed-4efc-909f-e1855be1a8fb,Fine Snack,Snacks,Sub-Snacks-2,470,167,77828cff-dcec-468b-9f29-21bd1caa160f
08a52da1-35f5-405d-bee7-24451b97f3af,Whose Baker,Bakery,Sub-Bakery-2,885,285,c8caea52-1248-40df-9aea-efb1dab38e71
885baf54-a6e2-420c-b70c-dd86db95565f,Life Baker,Bakery,Sub-Bakery-4,91,208,34f70342-b324-4b3c-8221-eb54020c6b9a
42087bf5-9548-4896-b17a-f587d3754123,Could Baker,Bakery,Sub-Bakery-3,198,44,ea49bd6f-fa35-4a6f-9f83-59a840d00918
7319949a-95d6-4a41-aff1-cbb1599644ea,Do Dair,Dairy,Sub-Dairy-1,199,248,7b2a809b-4820-40ee-91f3-4b96ce927ceb
53a9f101-f661-4ac5-beeb-ebf03b07b81d,Oil Vegetable,Vegetables,Sub-Vegetables-2,992,336,8b5fbde9-3c52-461d-83c4-bcfc6561784d
b2084620-94cb-48f5-920f-4038d927cbee,Similar Mea,Meat,Sub-Meat-3,169,444,56710fcc-e56d-458b-940d-3cb3ee3befa1
b3d48bcc-2bbb-4c81-a96f-56c93889edaa,Pull Fruit,Fruits,Sub-Fruits-2,548,386,21fcdaf8-67b9-439e-a160-946c64ea4d56
1d700629-0036-4e88-bf95-3d5bcbd3457a,Message Snack,Snacks,Sub-Snacks-1,613,69,fba9835c-7035-4ccf-89f2-8ba0abf31601
cb744139-37d3-4e1b-a04e-2973c4868ccd,Various Mea,Meat,Sub-Meat-3,105,450,bcc907c8-f8ca-4b0d-ac07-180dbb64587c
c78f85e7-2858-491d-affe-321a5c7eda7e,Way Baker,Bakery,Sub-Bakery-3,685,352,1f69b51d-a4d7-4630-86b9-ddb7c7bf2a23
c3bce55b-643e-4259-9011-f4d520cf29da,Go Baker,Bakery,Sub-Bakery-1,935,240,78a194c7-48b9-47e9-b30d-ec9485b11aa0
258c35a5-97cd-4813-895c-d0cf37509c2b,Skin Baker,Bakery,Sub-Bakery-2,811,365,87732239-3d53-4c4f-84b4-fcd85712d014
9b29140e-246a-47aa-af80-f6b80b3fca47,Society Fruit,Fruits,Sub-Fruits-4,400,99,12447df6-e55d-48dd-9563-ec7644a9c442
227a27e8-1737-45e6-a532-dc56eff6ef0f,Truth Baker,Bakery,Sub-Bakery-3,466,30,95b801ee-46cf-4c10-93c5-f4b91b514922
a0f2498d-9e62-4ac0-806a-bdcc11c342ab,Week Snack,Snacks,Sub-Snacks-2,149,201,43e1bc65-4518-4cdc-a442-1028c1767370
0ae6c948-b083-477e-aaf3-08c17db23116,Believe Baker,Bakery,Sub-Bakery-2,334,190,8c8af901-2820-4b28-b94f-55c493937df3
f936c999-bcfd-48fa-a24d-5a684e0e1a22,Better Fruit,Fruits,Sub-Fruits-1,841,456,1952c88a-8c46-41b3-b70e-f9e357092bd9
6a0182af-8efc-46e7-a54b-bbca1aabedc8,System Snack,Snacks,Sub-Snacks-1,633,95,cd2c6885-d1ef-4db6-84b9-2b72eecdcc2c
f00bcbec-2092-4844-879c-7e8ea52f56f6,Skin Baker,Bakery,Sub-Bakery-4,667,390,b49594f4-4185-407e-8250-a2002c64f8d0
112f6c70-68af-4ca7-8b08-7176d24b36c7,Either Snack,Snacks,Sub-Snacks-3,784,259,ee05bb4b-93cd-4de9-8b25-e1f46eb6a2f6
a52d2ad2-d02c-4411-bcd2-d174a7195f47,Election Dair,Dairy,Sub-Dairy-1,264,475,f400a479-5076-460c-9d60-48a55c9e87dc
d65452ca-8082-4aee-bb69-ac3f9a1dc548,Keep Mea,Meat,Sub-Meat-2,458,420,d363da6a-5da2-476f-80f4-be4aa51f4bd0
12a1012e-fcf7-4613-a726-c63e18303b48,Study Snack,Snacks,Sub-Snacks-1,2,293,dc8939a8-5d34-45e0-8990-8accebefe569
e647997b-e370-4628-940f-c61653c00b88,Design Vegetable,Vegetables,Sub-Vegetables-2,246,430,59fb4419-6e9b-4194-8f69-5990443533a4
83efd3f3-2bcc-4029-a4dd-e8fd973098e6,Can Mea,Meat,Sub-Meat-1,948,67,d866ac18-af91-487b-a845-692f38c15527
74fce1cb-0f63-4934-a2e0-086de9919b6f,Part Snack,Snacks,Sub-Snacks-1,155,65,a60bfed7-1bbb-4153-8a12-c5881f618c50
66cdd338-708b-483e-bc47-1f7e6bda7058,Service Fruit,Fruits,Sub-Fruits-1,342,286,8f6440c8-d1a2-4f76-90b0-3f8effedada6
5ce45c56-c737-49fa-9208-907f845076be,Size Vegetable,Vegetables,Sub-Vegetables-4,889,26,c7263a81-ab47-47e8-8d1d-37bc4ecbf13f
705ceb3e-4078-4a06-ac8a-8ef6f028c060,Agent Vegetable,Vegetables,Sub-Vegetables-4,938,21,43e344a6-4f27-4eee-a75c-83147c9ef8f9
4aed6c75-60a6-4200-8b6d-a2eb325d4086,History Dair,Dairy,Sub-Dairy-4,173,413,7e374378-d16f-47d3-914c-9e6132913fdc
f3948428-931b-4921-b0a1-8bf1288c4360,Community Vegetable,Vegetables,Sub-Vegetables-3,607,480,18b823c1-cfba-4443-b63e-85da2ebd9142
a0d5c1fd-a233-49bd-8172-881ad9d3cfce,Plant Fruit,Fruits,Sub-Fruits-2,880,187,33a947fe-97ef-490a-bc71-3ff0d99aa814
50bac77f-51ab-478d-bd69-f18ea73a805f,Development Baker,Bakery,Sub-Bakery-2,121,99,d7b817ab-43a5-450b-9947-9dbbfddd7f8a
5e10e2db-4dad-4c6b-9967-d8497939a268,Better Fruit,Fruits,Sub-Fruits-4,67,310,ef953947-b50b-46b9-843c-c0fb1039d27b
b5049328-0663-442c-ad61-0dc2a762e897,Tree Snack,Snacks,Sub-Snacks-3,549,459,098c75f6-4dee-4030-bc3c-194abf7992d0
e0fbcaff-836e-4bfe-8215-c42d9c5c65d7,Buy Fruit,Fruits,Sub-Fruits-4,277,202,d8d28c7a-70d0-4369-9f30-7f8433e843eb
f0f8fa16-6143-4873-9c42-0d01ca73c906,Company Dair,Dairy,Sub-Dairy-1,979,435,5105e1ed-b8b4-427b-a186-e9ed4ee1ec7c
3aa9d5cb-d9c1-4249-888d-73323654440e,Example Baker,Bakery,Sub-Bakery-1,553,309,bca81de2-8b17-41eb-adc2-91ad99fdc419
96883790-8b93-4f98-881a-0734e987a987,Knowledge Baker,Bakery,Sub-Bakery-4,276,382,c55b5993-fbd2-4770-993e-890ca03dff12
b4e02bd6-bab2-4ba2-a5b5-044768eee8c0,Adult Vegetable,Vegetables,Sub-Vegetables-2,805,81,023c4d9e-b877-4eeb-81ba-874442ff0f55
f99fb6d2-3e77-40fa-8252-daa45b49524e,Wind Mea,Meat,Sub-Meat-4,6,334,75728fba-f037-49bc-8a29-b63319d1a993
bbe2f72f-05b3-4281-b08e-03b296169fc2,Resource Snack,Snacks,Sub-Snacks-4,748,93,dc898798-cc46-46e7-a6f7-916ed045124c
ecbc6c50-6f5f-44a0-a3c7-68d7af616dd8,Produce Vegetable,Vegetables,Sub-Vegetables-1,193,247,225520e1-ad36-40ea-8bbc-834534037c7c
9a01f67e-59a6-41de-9269-af1f80530072,Window Vegetable,Vegetables,Sub-Vegetables-2,679,182,29645b10-3734-4ffd-aadf-33388459d8ae
5f90a50d-4166-4e43-9da3-2f06b02a29fd,Whatever Fruit,Fruits,Sub-Fruits-1,60,81,5b27a44e-3824-4c76-8b76-b269f16432b1
a58bfa40-e405-4f8f-946d-4082db68da8f,Author Baker,Bakery,Sub-Bakery-1,387,116,b8ef22ee-28d5-41d6-ba82-4f968459e46a
a2348479-f86b-4bcc-8b81-179cd722c6f2,Can Dair,Dairy,Sub-Dairy-2,62,468,818c659f-5d5f-44d1-960b-c56d18f4748d
980eb7e1-d93f-4f5c-af94-07dafca5abac,Most Fruit,Fruits,Sub-Fruits-2,684,463,6e03c21a-fff8-4ae2-98a5-f8d3d867c324
d8ce4513-2a05-4e39-bd66-30523863d3d4,Music Mea,Meat,Sub-Meat-3,976,145,f2de6adb-4be7-448f-94c7-4df835520df3
e04c5c09-cd08-46d0-b44b-49bc4bcb528c,Help Mea,Meat,Sub-Meat-4,835,29,09e9ebae-537c-4ba9-b605-8f8c8ff1a8e4
6a446279-dcc0-47c3-a274-d4bc9efc951b,Green Snack,Snacks,Sub-Snacks-1,512,384,2cb6ecef-137a-4078-8158-7073f19bab54
1234dbb1-06dd-4c19-b5cd-8ffa63799064,Yard Vegetable,Vegetables,Sub-Vegetables-1,613,40,9ea39a99-48d9-48d5-80cc-96d7721c50f4
1d448b67-ae57-4533-a557-b80089e9927b,Report Fruit,Fruits,Sub-Fruits-1,641,71,abdcfb57-68df-488d-920c-33461c3a9597
fcb4f1cd-814f-4e80-9b45-ace36c9fe4ab,Present Mea,Meat,Sub-Meat-3,245,267,f44b7f05-bf4d-47c3-9436-a412fb74ebf5
e7578a1a-dff1-4275-b5a0-349a6f4d9b65,Course Snack,Snacks,Sub-Snacks-1,115,310,20e71a5e-9c25-4e10-980f-d4a80bccacdc
b8558498-0113-44a1-a4ec-ee970c445ef7,Individual Snack,Snacks,Sub-Snacks-3,972,427,e66b1034-c0bd-4d7c-b2b2-8c505f15de93
dd10a4a8-e47f-4f6e-b9eb-27e63a21e236,Section Vegetable,Vegetables,Sub-Vegetables-3,434,16,1c228e5d-0e45-4153-b6e2-f01b4fffac96
d618a957-c09d-4521-9397-cb77f22716e0,Off Fruit,Fruits,Sub-Fruits-2,834,160,94da5ec2-6da5-481c-855b-cbef06c9791b
62c08c59-61aa-4134-a546-248baf8489dc,Early Fruit,Fruits,Sub-Fruits-1,257,45,1473e8e4-3f70-4382-ac71-e234567f4f69
f86a3fa0-8266-4b20-ba2a-ed477fca5dee,Final Baker,Bakery,Sub-Bakery-2,774,243,e5217e99-9d1f-4db8-b201-17d767873ef3
c87bec59-4106-4fa2-b666-9eede116a80b,Including Dair,Dairy,Sub-Dairy-2,958,416,4fa48af2-3c3f-48d6-ba1e-38e3673e1d3b
22bdddce-3fb4-4269-a22b-7bab296a766e,Later Baker,Bakery,Sub-Bakery-4,858,340,7cb38e0b-b22f-4469-8b0b-5f7785e4a931
855a6964-4ca5-4696-905f-014abe1dc14c,Dark Fruit,Fruits,Sub-Fruits-3,257,396,3a40aca3-752e-4d3e-8b92-939a5e8b9c3e
1dbc4abf-fe1f-44f1-be35-d63dd56e8261,Yet Snack,Snacks,Sub-Snacks-2,537,289,9ac83d93-933c-4694-b351-2abc54825b26
b75932b6-d9a8-48cc-adc0-7f30c6fc1b50,Able Mea,Meat,Sub-Meat-2,241,425,54ca7c4e-a18d-4f79-a42a-7560983ab0bf
a56657aa-5438-46cd-9192-b1b0ef727b7a,Body Vegetable,Vegetables,Sub-Vegetables-3,717,313,aa281119-30ab-44fa-ad93-7b65327e23ad
d0231324-5b43-477e-94ee-b2799bffbccb,Pressure Snack,Snacks,Sub-Snacks-2,744,104,d12ccdd2-9cda-4643-b549-44b87f9d7491
4e05a563-b887-48d1-b7ea-8a884851b047,Section Dair,Dairy,Sub-Dairy-4,51,10,30b72a00-7b03-4010-ae81-8ec70b4be5ae
27eb6a89-cdf0-4e58-bab1-3dc13f6ab071,Politics Dair,Dairy,Sub-Dairy-4,479,378,c88f96ed-bae7-41da-8ac7-9c690d04304a
a94b3215-a1b4-412b-83f3-f5821e20642d,Form Snack,Snacks,Sub-Snacks-4,549,36,1a64f17d-c678-45d7-9e3f-71387aedd266
5040cf30-cd96-46c0-9f7e-1a3f2c550ee7,Available Baker,Bakery,Sub-Bakery-1,37,393,5991f756-5b49-4b9c-8c91-d0f46d21482b
8ac662f1-b548-4c12-be52-b086a72bef37,Long Vegetable,Vegetables,Sub-Vegetables-1,94,61,24e76837-ea32-4c6e-bb7d-263e3eda1b6e
c17e74ee-6ef5-4fda-9f3f-f93fb958a541,Tree Dair,Dairy,Sub-Dairy-4,117,144,a1db1859-71d0-4f82-bf95-7b5954cbe85b
b799e620-db36-4563-9908-743a039f5bcb,Phone Vegetable,Vegetables,Sub-Vegetables-4,787,37,0f85e55c-e075-4c02-bde2-f20070f8d0c3
9d224088-e871-4734-b7c5-422904986cf1,Great Mea,Meat,Sub-Meat-1,470,103,672e7d52-4a4d-4d47-961c-41e856614ab6
b4c2dbed-61f4-4db8-8e25-9a34c71b5280,Customer Mea,Meat,Sub-Meat-4,4,244,661a12c7-6eea-49aa-9ab2-c2eb65b965d1
e00cb2f3-cb8f-4618-96a6-f650856ac660,Action Snack,Snacks,Sub-Snacks-3,655,194,a294c0e7-57b7-4224-a8d4-e887926208e3
c2c9911b-df30-456e-8159-046b1df2188e,Kind Baker,Bakery,Sub-Bakery-3,113,349,515d5f09-f743-4b24-98ad-f1727decba66
9d153af4-3206-47bf-b669-8672efb8978d,Bring Vegetable,Vegetables,Sub-Vegetables-1,597,218,5db57aae-e34d-4e68-b59d-c1c176b7c640
c1942428-3788-4e17-a558-d52f786a9bd9,Herself Fruit,Fruits,Sub-Fruits-1,667,309,cc2ede60-5467-4c71-b3d6-0ceb6878bc05
6d283e54-9fc2-4b15-b854-0ff80eeb21c9,Couple Baker,Bakery,Sub-Bakery-4,48,261,62116980-33db-4f30-8813-400138fb25e3
fdab073c-65aa-4b4d-9703-3ec61b713ab2,Husband Mea,Meat,Sub-Meat-2,445,380,d6d7a1d0-6252-422b-8110-0d43cf375748
ec340887-0c8d-4da0-87ba-898841fbf5b4,Soon Dair,Dairy,Sub-Dairy-4,891,56,e771c058-da22-47fe-b224-77604f47ca44
c301f866-b333-4bf2-ba3c-043849e7ace2,Edge Mea,Meat,Sub-Meat-1,168,169,d71550be-59b9-464b-ba73-250b4bb5107a
2f1c0249-eed6-4af4-adb6-e7fe84ae566b,Determine Dair,Dairy,Sub-Dairy-1,571,68,aacadd6d-8554-42db-a099-b85a513c086b
6aab1676-b5bb-4855-9a61-849728260d36,Decide Fruit,Fruits,Sub-Fruits-2,895,124,e9b2cb40-4f84-4e96-ab50-0529ccdeed0f
abe02cbf-d47f-43de-8f76-413493e936ad,Likely Mea,Meat,Sub-Meat-3,274,152,7e31b5dd-b88f-412e-a220-6344905ee110
6f07f7f3-8592-4696-8878-f18bc5a583cb,Store Mea,Meat,Sub-Meat-2,881,388,50c03e2f-b1ef-46e3-b19f-58be20e23192
1e9986fe-24de-4262-b900-aadd11589754,Most Dair,Dairy,Sub-Dairy-2,507,472,1898eeab-6013-4d83-a421-6a674ada117a
c771240a-12d8-4fbb-bb10-fba6cd263c54,Often Snack,Snacks,Sub-Snacks-1,914,484,89583c7f-4a5a-4eb6-970c-8c2eb5243497
e390d80c-248c-4d1c-931e-442686ef6f2d,Feel Mea,Meat,Sub-Meat-4,284,389,03445e13-55a2-4ddc-a21c-99c981f9983d
43f15997-1783-43d2-b769-4516a065b632,Rate Baker,Bakery,Sub-Bakery-3,298,177,5747a413-28c6-4804-9a9e-c517d19cf8c2
d1b12a3d-362d-45de-82e1-0b267f6e6a69,Shake Mea,Meat,Sub-Meat-3,854,10,f55f3bf7-6cd1-4749-a487-4a7b0ddab6f1
46e112aa-17cf-41a9-a311-6498523c9005,Situation Fruit,Fruits,Sub-Fruits-2,404,66,11219559-5cab-4995-acea-5b186362c2cf
4bb18ef6-0b32-4838-b881-2f5fa0038800,Lose Vegetable,Vegetables,Sub-Vegetables-4,635,389,528ac01d-9ccc-40c7-8adb-1be0a834cfbf
4020b859-ae26-4f68-8a52-771118055f40,Take Snack,Snacks,Sub-Snacks-1,74,396,67cb35c3-a8df-4446-9437-732139dc5df0
edd4b670-de5f-4d8b-8a35-f04eda2f90ef,Difficult Dair,Dairy,Sub-Dairy-1,32,409,830d7957-786a-4ad0-89ec-2e11c99c1e6c
afb7853f-adcb-423e-bc24-9776c3a4c25d,Home Vegetable,Vegetables,Sub-Vegetables-2,339,54,44b0c0e2-f70b-429f-9979-16645a1a2939
50df6463-5765-47fa-a9df-61475c423f1b,Development Snack,Snacks,Sub-Snacks-1,927,243,d732fac4-367c-447c-85a8-f5fc72263ed2
a9766a03-2fa7-45f7-9441-37bd04afed5f,Name Vegetable,Vegetables,Sub-Vegetables-3,841,204,c9ed6060-7c1f-4ec8-bc29-b57cc7161d43
a6e1bfdd-604b-4632-b6a1-123863a3fce1,Media Baker,Bakery,Sub-Bakery-2,180,446,6b9f788b-a004-423c-b0aa-754a886a8a2a
ec54b0b4-5716-4498-b7ab-00c189468c79,Individual Snack,Snacks,Sub-Snacks-2,572,88,656e83a7-4cfe-42b2-aef5-18b0afc1cf11
4c206d02-ee59-458d-a36e-5ebda9552a3e,Job Mea,Meat,Sub-Meat-3,880,432,734c8cc7-48fa-4091-b8d5-3a001ee5c176
030ff542-d5f3-4387-9654-90ae0e38702c,Western Mea,Meat,Sub-Meat-4,422,397,7bdf582a-c54d-45b9-a4ea-2017f5ef970f
6cb1b592-e711-4419-ace5-a5386cbd4cec,Method Snack,Snacks,Sub-Snacks-2,624,429,cce92624-8d6b-44e1-b051-fd9d0549d42e
e1607546-600e-4c73-9860-ca3a41bd28c5,Degree Snack,Snacks,Sub-Snacks-3,387,303,740f445c-7512-494a-8de3-3be918dc9bd2
6fa05729-610d-4911-8418-20335de8ccf0,Suffer Mea,Meat,Sub-Meat-4,910,471,ba46932d-6a14-4700-8cce-8c4a9adeadf7
a60615bb-310c-4347-9db3-a0f1ab966dcf,Mrs Mea,Meat,Sub-Meat-3,387,425,c067125f-8da9-4859-afc9-541d59f2331f
5bbdce93-9e4c-4aab-a0c6-187dcd0db8fe,Person Fruit,Fruits,Sub-Fruits-2,473,301,afa40c88-3df0-41a5-8b0c-3121a1aed1e3
5ad0fd1a-349c-4bef-b40f-1477c376389e,News Snack,Snacks,Sub-Snacks-4,889,373,f8bb6730-d464-427c-8f53-14c74ec39171
890fe14c-925f-417e-8100-3962a83656d9,Rate Vegetable,Vegetables,Sub-Vegetables-1,547,243,defd147c-7adf-4517-aaeb-6e26ab7565b1
eadf25aa-417c-4a91-b111-796cfdfd0c0c,Late Fruit,Fruits,Sub-Fruits-4,495,387,52b0d4a5-0845-4312-b4a3-e9ad8cbd2f08
d6565927-c31b-483d-ac45-b350956423dd,Through Mea,Meat,Sub-Meat-4,626,401,bd9d2b24-f0a0-4471-91b0-31823a7d4a3e
dfefc4d3-d0c6-42d5-a3cd-1969f3da07ef,General Mea,Meat,Sub-Meat-1,687,19,fcdba70b-ae74-437d-bfbe-3f742f3f2636
8faddcc7-7e96-406a-b0f7-f9cb0436359c,Education Vegetable,Vegetables,Sub-Vegetables-4,543,81,ee4dc15f-1792-4e5f-97f0-f5d986ee1e44
be3b9da0-4490-4de5-b711-90c9fa87a214,Situation Snack,Snacks,Sub-Snacks-3,810,404,16d721c7-f1bd-4d48-af3d-9cba8820ce9b
6533ed7b-c4f9-4d13-910d-03f7d2621762,Change Fruit,Fruits,Sub-Fruits-4,931,77,3141dea2-0025-4d0a-b5af-48458bd19542
317de63c-5e28-420f-8216-adfcdef82939,Situation Vegetable,Vegetables,Sub-Vegetables-3,39,286,30ff81a6-7192-4e20-bab1-c5f935e46a06
cebfe377-6eec-4837-a1c6-c6fcf98daef6,Too Mea,Meat,Sub-Meat-1,662,289,18618ca1-e5bc-4f12-9e56-edfc6773b9bf
17b9e367-0bec-4cda-b7d9-2955815b1bc0,Often Vegetable,Vegetables,Sub-Vegetables-4,320,275,ddd2567e-7784-4c8d-b8c8-3aec0180438e
c90176e5-cbf6-4241-af72-71a3659751bc,Stay Mea,Meat,Sub-Meat-4,158,214,6f78537d-b746-4927-8220-d4971f7fa38f
1da81cda-9793-4527-b561-5db0cfd9608a,Indicate Mea,Meat,Sub-Meat-4,136,386,46a92604-d233-43ed-8c1a-fbb839d005eb
2091292a-fe60-4390-8223-266c018b3ebe,Drive Mea,Meat,Sub-Meat-3,354,380,867eab72-9a3b-4f9d-aae9-929229e80b8c
74eeaee8-44dc-44f9-bfda-a6f3f872f646,Site Mea,Meat,Sub-Meat-4,368,158,2008ffa0-4651-4d20-bb09-9e0c489c57ac
886283ae-07ef-46b5-92d0-a573b567a0ec,Sometimes Mea,Meat,Sub-Meat-3,337,460,a0bdf6cc-86e4-4f03-ad13-5dad99741f7b
f7ea0199-dd55-4019-b627-6edb04d2190a,Assume Dair,Dairy,Sub-Dairy-2,341,99,bd81eb01-ff05-459f-906d-a2fcf04ca6cb
53a9bd32-ff0b-4173-88d6-45975da87a8d,Week Fruit,Fruits,Sub-Fruits-4,95,197,ec5b17c6-8336-4df4-a601-c0c084bd749e
2713e7d5-53ea-44d7-a87d-92cb595911b1,Stock Snack,Snacks,Sub-Snacks-4,526,88,1e5eaf8c-8ba2-4473-81f6-6b19d28cd9dc
e9144072-b8e1-4ea6-946b-d136ca29e2e5,Family Mea,Meat,Sub-Meat-1,938,473,11736517-b4c5-40fc-853d-a0d737f9d547
c928b134-899f-4cef-84b6-25cb1ad2519c,Scientist Fruit,Fruits,Sub-Fruits-2,40,286,d96c49ea-c7c6-42b8-a9a5-373c3e9de8f1
6be1b163-c631-4ba9-88ee-4cdec9ebba04,Kind Snack,Snacks,Sub-Snacks-3,653,63,895a626c-69ff-4275-a41e-3e1bb0c2c9fa
56630e3c-fe5e-4aea-a2c3-ac73292836f6,Describe Mea,Meat,Sub-Meat-1,728,86,55ed144d-84bf-47dd-afea-a2cc64a97934
2aac88f5-f3a1-4cd3-96b9-e4dad42cf5bb,Coach Fruit,Fruits,Sub-Fruits-4,26,336,cccf5680-4ea2-4499-b38a-409e0de98e6a
f94db5a1-9e31-41dd-aa08-cf5632c2cd55,Read Snack,Snacks,Sub-Snacks-4,893,404,fe29a79e-57b0-4f5e-8e15-6bb9920b4457
6ddc2d05-1a68-4f60-95bd-6544c01d536d,Stay Fruit,Fruits,Sub-Fruits-2,428,203,6afe898b-687b-48a5-8620-00bf34c085e3
54f7a232-2de5-46a4-a8df-d5e472835ba6,Tough Fruit,Fruits,Sub-Fruits-3,753,204,f0246144-ef49-45d0-be92-0ec1626f7995
a4bc60f6-6709-4bdc-b059-189527a96ef1,As Fruit,Fruits,Sub-Fruits-4,622,279,9f81e9e2-4f2c-4b96-902f-89f0d96d84c8
9039684c-e13a-4d84-ad88-25f63dd156af,Rest Dair,Dairy,Sub-Dairy-4,58,96,0cec9950-fb96-44a0-a24a-6315d158ab6d
1a8ad046-e718-4abc-9fcb-b9c704a42951,Participant Mea,Meat,Sub-Meat-4,498,476,fcbeab57-f2c3-41a6-bb1d-aad00a91aa9c
263345ab-9ec1-4fe2-b25d-9d74efd3d8f1,Red Dair,Dairy,Sub-Dairy-4,65,15,b2826914-5559-44a8-861a-3668f43d7a6c
0628599d-2f51-46a8-ab5e-7e54a383ca44,Late Vegetable,Vegetables,Sub-Vegetables-4,212,287,4915241a-c73c-45f6-88ac-985c7d2c5975
cdbe746a-b6a5-43c3-b8ae-3cda759f816e,Our Baker,Bakery,Sub-Bakery-4,830,355,202f6dfd-ac19-4759-abb1-2c9ab6d5c704
51d839a4-bf3d-41ff-a998-bd5b379e8368,Develop Snack,Snacks,Sub-Snacks-4,165,267,42af0c77-fcae-4337-9e73-25cad809c141
cdaa89af-767d-4006-819f-bc15d4109c4d,World Fruit,Fruits,Sub-Fruits-3,725,245,a74d51d7-1040-4aea-8bae-c511ac1f4abe
d0a53772-3116-41b1-acaf-54e58331177d,Goal Fruit,Fruits,Sub-Fruits-3,6,91,5ffdd755-5ee2-467a-accd-db7294ccf363
e0eb92d3-e08c-459d-b47a-b08182b90bc2,Do Dair,Dairy,Sub-Dairy-3,898,495,edad5554-ff41-4e8e-82b6-109c0786cef3
8d392a16-c429-4243-860b-163f6af1c233,Notice Snack,Snacks,Sub-Snacks-4,757,141,c8a2d632-1e13-4491-89c6-86d84dd99ba2
c72fe6ae-39b5-4761-8869-ba743760b66e,Marriage Fruit,Fruits,Sub-Fruits-1,100,127,ccb6cba6-ceff-42b6-94d6-3854e7f2e167
d964edfa-75b0-49ab-9168-0c249fa4d22f,Court Snack,Snacks,Sub-Snacks-3,874,282,2d9ec38c-4d58-4344-86f8-2f180f70005f
c1dd8a72-e292-455e-ad29-9ab3d84cb9b5,Technology Snack,Snacks,Sub-Snacks-1,526,87,b769b1fa-2574-4b4c-af0d-4f844ee0d606
e4500d38-ed8e-489f-998e-5805175f9c89,So Snack,Snacks,Sub-Snacks-1,634,91,0b08cafe-a5f8-4647-bb31-2afc3b8d311f
08794c01-b9d4-4d01-a486-9fa78e1a0929,Recently Baker,Bakery,Sub-Bakery-2,963,450,f64e2c50-6438-4759-95c6-24cfc7ad03a1
479f1380-fe27-47fa-bd9a-b17855d465ce,Spring Mea,Meat,Sub-Meat-2,16,11,650e335c-9ae9-4a52-8748-d7a931146cc1
6e1c7d78-8fc0-4c3e-b399-49c46ee89596,Body Baker,Bakery,Sub-Bakery-3,326,200,fc1e00d6-a910-4468-b006-30de622d14dd
95c53e28-f430-4b82-9ace-8be92ac29bc9,Candidate Baker,Bakery,Sub-Bakery-3,413,174,d940b708-1f54-4f45-8b0f-b194d742f42e
5e0a227b-2c8f-42a7-9be0-a30de9918098,Indeed Fruit,Fruits,Sub-Fruits-2,698,319,90374a65-dfe9-40dc-9c61-d80dc3e8a567
9887f433-7ed0-4708-b84e-bbcc1625241f,Study Snack,Snacks,Sub-Snacks-2,83,222,8e8de46d-3da3-46b7-83a1-020faa947ca8
5b2795f8-8399-426b-b7ae-2fbc22c19b79,Light Baker,Bakery,Sub-Bakery-4,931,241,d7c38bf2-d3d8-42e7-a27d-e115525b4bbb
dfed45db-fd8b-433e-a601-c2388530f82d,Goal Vegetable,Vegetables,Sub-Vegetables-3,646,306,4687dc65-f565-4946-bc42-8cb4c41b7655
8370384f-6261-4b0f-9885-f5a64b04a49a,Thing Mea,Meat,Sub-Meat-1,4,265,f7fa4d6e-7104-4965-92be-227a6ddecedc
9befd4bb-2a78-4823-bedb-d765f0a12755,Sit Fruit,Fruits,Sub-Fruits-1,93,235,6617375e-12d6-48b5-9e54-c303233c98e6
be3e3e17-adc6-4546-ac4d-290b3231017d,Media Mea,Meat,Sub-Meat-1,91,196,16522a04-1127-4d2c-a560-62e015480a16
f99883ca-cbb4-4c74-9938-a0f435896975,Have Vegetable,Vegetables,Sub-Vegetables-2,977,340,86d4cf66-44ac-4fc8-9d57-22050b36099f
89f38b6c-fc6b-4bd3-9af1-86adabda23a0,Near Fruit,Fruits,Sub-Fruits-4,751,254,35e41666-7c86-4f83-8ffc-3be6258b87a8
a861f68c-bbdd-47be-885f-511a8312949c,Total Dair,Dairy,Sub-Dairy-2,33,289,26c3c619-ef68-4c33-8885-807a24f799db
68338194-a7c5-458d-a76f-a4c097ace6a8,Work Vegetable,Vegetables,Sub-Vegetables-1,850,17,a1d7815d-273a-4604-a955-947adc017a4a
da9eb433-ddd9-4b0e-bbd0-bc1be1128ed1,Spring Dair,Dairy,Sub-Dairy-3,32,416,2094ddde-9742-4942-a3c6-e5cd486e2369
8f890fd1-4a11-411a-b0e6-953e93cfae86,Continue Fruit,Fruits,Sub-Fruits-1,468,307,ab86eb25-7147-4e12-bf51-4a31cb7f9828
16afe3ad-9f99-4d55-872c-770517390636,Those Vegetable,Vegetables,Sub-Vegetables-1,620,92,33b367d4-a071-4b9c-8b87-b82f87f3b2f2
d017d829-e3c6-4ea9-9398-158aecb36514,Fill Dair,Dairy,Sub-Dairy-1,157,465,154fa320-780b-410c-bd50-a9a26ad0e8a8
74b44a1e-5504-4323-99aa-938c4354c6e4,Despite Baker,Bakery,Sub-Bakery-4,97,71,08a74e01-ebcd-449d-b71f-86b33e88baae
9adc472b-0a0f-4b4b-a273-fb9d3388f355,Past Mea,Meat,Sub-Meat-4,269,98,247457e2-5424-4524-b096-df04c8725aaf
bdbbc436-20a7-43ad-bea0-ebe51f9a85ae,War Vegetable,Vegetables,Sub-Vegetables-1,104,395,e11ca1bc-5d5c-453f-872a-47c0f9371937
95b941ed-d507-4203-874a-f2da0a6fc3af,Effect Snack,Snacks,Sub-Snacks-3,249,309,e3a583d1-fa62-47f2-8493-a84c2215e81a
e20c0926-efc7-4144-82c9-e9d5b37a37d0,Brother Fruit,Fruits,Sub-Fruits-3,162,365,f5da9963-ceda-4d4d-8088-602fd2e3175d
e6717d9a-18ce-417e-acfc-f05fb0649e2a,Open Baker,Bakery,Sub-Bakery-4,619,277,c9272948-6a43-4a35-a7d6-b40418f8feeb
e5135567-da0b-41ba-a39e-9eb1f0f380fb,Fill Snack,Snacks,Sub-Snacks-3,364,284,20c41d0e-17d8-4315-8774-7ee4bdb9ddf4
7e32982d-b129-42cf-8224-1c13179d0851,Leave Fruit,Fruits,Sub-Fruits-2,907,162,206a2178-5610-4c6f-aa47-258d0ec098e8
da9276e2-5e2a-4053-bbdd-05a5b9bae08f,Father Mea,Meat,Sub-Meat-3,363,214,063f0043-e8ba-4543-b8ee-b8314bfbefc1
4027366c-8fac-42ac-a58c-7516bb88a8c9,Something Mea,Meat,Sub-Meat-2,266,257,5e18f40d-ae5b-4dce-86ba-675c5b680e2f
0f0008af-5aac-46c5-a401-9e16d384ce10,Sing Mea,Meat,Sub-Meat-3,758,109,1000e942-f766-4520-9100-2479be4f14cf
f9617c7b-415e-4d1f-9ea4-84d3978d1d35,Market Dair,Dairy,Sub-Dairy-4,884,39,640f1290-bb03-413e-9439-5f3c850a33be
49ba644a-b75d-4d53-9d21-5ce45a0ff587,Onto Dair,Dairy,Sub-Dairy-2,900,436,ec679161-a213-4ac8-926b-b0d81a428cc5
edc6f014-b5be-4287-b71d-dc942b35953c,All Dair,Dairy,Sub-Dairy-3,23,146,e95ef48d-6262-4a99-958e-dc53edb76870
48464a34-94df-424d-9d58-2f09f4b1083b,Bring Snack,Snacks,Sub-Snacks-1,516,133,96985100-1197-4d87-bd77-c0c9476ce4e5
be92dd3a-fc10-419c-ac99-1cfa346661af,Doctor Fruit,Fruits,Sub-Fruits-2,674,349,d4a894ab-f1c2-4a15-a340-7caa9c66d2f5
880f89ac-bf99-41a2-b803-1130e7186cc5,Art Vegetable,Vegetables,Sub-Vegetables-1,31,306,f4365101-43d1-4560-aaab-67b9053463d9
8cb3e0ec-ab5a-4436-8220-f850e24bf3ab,Popular Dair,Dairy,Sub-Dairy-3,216,137,988673d1-cfe4-4a2b-85a9-a1b077c4bd97
3c40255d-9a22-4630-b0a6-3e91eb6575a5,Certainly Baker,Bakery,Sub-Bakery-4,505,373,50b92093-3209-4d50-9a62-f249049b6307
fd5654b4-93a4-4e19-b9a6-a5c57302c0c0,Activity Snack,Snacks,Sub-Snacks-4,133,244,8cf234f8-2dd5-455f-a3d3-26d0bb3ed12a
e49852cc-b9c2-421c-973b-3719246097c4,Thus Snack,Snacks,Sub-Snacks-2,256,137,1c21e04c-1284-4a86-a541-c1a837364b44
