﻿SupplierID,SupplierName,ContactPerson,Phone,City,State
898ca408-050f-49be-b083-00eedf4bd064,Peterson Ltd,Donna Martin,333-014-4649x2383,Schneidermouth,Iowa
e0ceb86c-2a85-4000-a0b7-4146a4bc51c4,"Campbell, Smith and Howard",Deborah Cross,(738)143-0170x93618,Millerburgh,New Jersey
158ae598-5c95-4dd7-b714-1f24332ddf9c,Cortez-Hale,Rebecca Johnson,588-996-8208,Elizabethside,Delaware
821b7ee6-5162-4c03-85d7-ba5f2fe8d81d,"Ritter, Kelly and Schwartz",Tiffany Wallace,(910)512-4085x008,Donaldstad,Iowa
f9f036bc-4256-4b8b-8450-0748a74f056b,Larson Inc,Tasha Carr,(744)446-0967x71315,New James,Missouri
b0a67ecb-dfef-4a64-8913-580617b06e53,Wilcox Group,Amy Snow,4117076513,North Kimfurt,Nevada
084ee804-5238-48be-b2f8-0fc7c6c2b367,Williams-Floyd,Stephen Simmons,978.843.2677x269,South Tyler,Indiana
865832da-8442-482e-b22f-ee7a863edbfe,Wang Group,Lisa Reyes DDS,+1-827-042-9166x683,Allenfurt,New Jersey
ddcac48b-5fda-4b1e-acbb-24043282436a,Diaz LLC,William Graves,576.416.2166,Jerryview,Tennessee
a1e82489-786b-45dd-a3c3-037241a80f6a,"Anderson, Potts and Rogers",Shannon Mitchell,(586)221-4868x182,North Kristaview,Wisconsin
a494b24c-1481-4a30-a7e0-42f3ef211c68,Callahan PLC,David Lawrence,(919)877-2629,Thomasstad,Minnesota
5c220afe-7b0e-4a47-a0fc-1d0e64c3df15,Sparks PLC,Mackenzie Hall,5219663910,East Chasehaven,New Hampshire
21466ba5-3fb8-4bb0-a34d-8bf42ce8be02,"Brown, Wells and Carter",Christopher Dunn,(173)845-2178x216,East Davidborough,Arkansas
fe029a2f-8036-4451-84c1-805dbff4227f,Brown-Sosa,Matthew Griffin,001-236-370-1915x63938,Brockshire,Utah
5f6b5980-2ff5-44ae-a915-1f6623576752,Lopez and Sons,Todd Moore,+1-308-906-8845x65065,Jessefurt,Delaware
96f98cf1-5411-4003-93cf-f1129f87dbd6,Villarreal Group,Tammy Rodriguez,460-809-2380,North Amber,Michigan
ae75a587-f35c-43f4-be12-73d764f224fa,"Dawson, Cook and Walsh",Cynthia Johnson,(850)332-5821,West Linda,Missouri
474f546f-69c0-48de-a829-afb605df84d9,Watson Ltd,Dr. Penny Burch,939247871,West Erin,Missouri
f2aaa004-00c1-4c85-ad2b-881976b6871f,Poole Ltd,Jessica Jordan,860.796.6739x269,New Tina,Nebraska
b43e95ec-45a1-4d19-a51a-906f20138819,"Aguilar, Miller and Wallace",Robert Bruce,164-409-6853,Paulaberg,New Hampshire
a85f5f10-3487-4d8e-aa6d-a1454fdfbb5d,Simpson Group,Cindy Clark,(252)780-1917x3538,Hullberg,Kentucky
ca5fcf37-bf12-46c7-8a5c-e5e4907d44cf,Riley LLC,Jonathan Williams,001-869-826-8697x478,South Kevinbury,Michigan
489d765f-bd17-41bc-9623-ee4ce1f59aed,Phelps Ltd,Luis Gentry,209.498.2508x9037,East Alisonfort,Connecticut
1db43393-a58b-4895-b286-d07dadf6bbea,Mayer-Hill,Vicki Bowman,417-086-0054,North Matthewborough,South Dakota
0d3f07e6-1f78-42a5-bd75-222b54081020,Snyder Ltd,Stephanie Lopez,001-154-237-4426x6071,Lake Leahville,Tennessee
6e056e5b-35be-402f-92b1-cbf0d84fe77a,"Carter, Crawford and Fuller",Joshua Bender MD,+1-162-134-1805x9929,Jimenezchester,New Hampshire
cbee0816-9f68-4a9f-9b66-08ee23a87de2,"Sweeney, Murillo and Brown",Ashley Saunders,(471)679-9622x8567,South Benjamin,Minnesota
d58e0a1d-6b90-4b63-bdd4-995fdabf22d8,Castaneda-Griffith,Thomas Tate,496-398-2919x6017,Grahamborough,Minnesota
c8e53449-26f2-4cd9-9019-b84ae1ec06c9,Zimmerman-Campbell,Samuel Taylor,895.024.0631x703,South Williamview,Maryland
e6b7c1da-1169-4ef1-93b3-b12f39d42da2,Santiago-Bishop,Ernest Clark,687-119-8063x13702,Smithburgh,Rhode Island
1d39588b-0de9-415f-b039-141d5f6e16e6,Miller Ltd,Stephanie Martin,+1-822-620-6966x1641,Jamesstad,Illinois
bf75c003-15d6-4e96-8b9f-adf01d604523,Williams-Juarez,Michael Campbell,611.910.3981x942,North Mindy,Rhode Island
64ce4c68-a8b5-445e-af96-a28f1491226a,Potter-Williams,Richard Proctor,+1-649-132-5567x29904,Kleinberg,Alaska
9b2a54d0-cc51-4d3d-a2a0-f211e17eb60c,Soto-Smith,Kathryn Green,(907)279-1333,Stephenport,Alaska
64d0412c-213e-4681-8f6a-df940885bbf1,"Ingram, Anderson and Young",Roger Moore,9601219207,West Ericburgh,California
1f969d9f-ddc7-4f49-93c7-2d4b7f857576,Garcia-Daniel,Jessica Williams,(362)128-2210x9117,Lake Donald,Pennsylvania
e9e936b2-54e3-4771-aa6d-fd3d4565acd7,"Dillon, Alexander and Harris",Stephen Holder,-9087,Jenkinsstad,Maryland
17f96d5d-46c5-4c63-a268-85a282e04400,Romero Ltd,James Jenkins,+1-196-898-5738x254,Jeffreytown,Texas
8e914c7a-a1a9-4512-89e3-3c10fbfb5ac4,"Cooper, Martinez and Doyle",Cheryl Mills,(967)311-6485x83443,North Lisa,Nevada
a9079296-09e9-4021-a8f4-686545c3b187,Castaneda-Jenkins,Samantha Holder,7705321425,Lake Robertberg,New Jersey
539a4f7f-5fd4-40be-8400-0c129a728c07,Elliott-Jackson,Wayne Lam,9278242522,East Helentown,Wisconsin
abe5c0e3-ffdc-4cd5-9cfc-3977a32e958d,Munoz-Jordan,David Collins,732.986.6719x8031,South Lindsey,Kentucky
78dc74b5-f07f-4c4f-b68b-f753946c4169,Graham-Hardin,Michelle James,+1-389-221-9666x1348,Collinsstad,New Hampshire
dbc85300-3479-4194-9399-d87258c840e3,"Schmidt, Jones and Flynn",Tricia Dickson,001-379-602-0124,Martinezmouth,Michigan
5be0ea7a-d8b9-42b0-ae31-4ccf4c8b24fa,Kennedy-Ferguson,Aaron Baker,225-341-4833x4122,North Christopherton,Michigan
c2e6056c-7181-42d8-ab37-a7b425c475a0,Nguyen Group,Sarah Joseph,384-005-3082,Ramireztown,Tennessee
9262e0d3-87b2-4e38-8471-9e5f971e109f,Kelley-Dawson,Johnny Rubio,857-752-2905x4937,East Susan,California
1974ab47-859d-47b1-99ad-f9cf600553ba,"Gutierrez, Thomas and Swanson",Amanda Mclean,(301)892-7105x63885,Mariabury,Pennsylvania
cdd4c0b3-6a31-4ac8-8ba9-f83d81efc70c,Taylor-Hill,Alexandra Burke,(751)257-3896,South Robert,New Hampshire
a2c63bed-5e56-4a32-97e7-0f21eaa77d05,"Lewis, Valentine and Fox",Kristin Mayo,324-556-3152x7269,Kaylaland,Rhode Island
11693b36-f557-4fe1-bb3b-7cd114a64501,"Brown, King and Phillips",Julie Miller,058.950.7750x37115,Mcdowellstad,Arkansas
737a3c46-e9d3-46c8-93f0-bce52be88056,Frye-Davis,Ernest Weaver,388-789-0348x6071,Andreabury,Mississippi
ae18804b-376b-486e-b505-27827e2bb65b,Murphy and Sons,Alex Blair,567-266-0154,North Danielleland,Illinois
03ec3130-f542-432e-b173-f110efd69026,Anderson-Benton,Wendy Munoz,007-132-8984x1593,South Ana,Alaska
be272816-1ab3-4661-90ab-f539f3191b74,Manning LLC,Stephen Reyes,(412)661-6098x660,Nicoleville,Alabama
ca8fee9b-18fd-43f9-9562-f0a35ea4f066,Moody-Allen,Andrew Parker,001-520-589-8749x971,Port Rachel,South Dakota
d65a7907-4f18-4315-ac4e-05d1fa6db7cf,Martin Ltd,Michael Deleon,9949076876,Johnsonton,West Virginia
2eac5dc7-e37c-469c-9ed8-d435cf67e707,Madden-Wagner,Julie Hayes,+1-489-556-7715x267,Whitefurt,Wisconsin
6fe73b62-d844-47ae-8632-99ebe7afe93a,Ortiz Inc,Wendy Thomas,166.370.5185x6209,Ashleyview,Utah
24a750e4-88c7-4e76-8125-5cb510c220e8,"Harris, Smith and Richardson",Kevin Oneal,+1-682-280-8731x60860,West Brett,Delaware
0d6cbb0e-e585-46c3-8115-9a0d3128ae3f,Ferguson LLC,Eric Carroll,+1-568-109-8339x89045,Port Elizabeth,New Hampshire
4eae7c1c-d76c-40fb-ab00-514ca49fded9,"Tucker, Hernandez and Collins",Howard Glover,937-157-6654,Adamsshire,Texas
605463ce-5386-49fe-a96a-48e5d1ae199f,Anderson and Sons,Randy Evans,048.555.3730,Lake Sherri,Louisiana
ef56d169-c6a6-4c63-89e4-89c7e5f86a13,"Jackson, Allison and Matthews",Jack Watson,+1-187-933-5409x176,North Stephaniemouth,New Jersey
311c2fef-74da-40db-9379-02ffbc7649c5,Rogers-Cook,Andrea Marshall,(977)868-9220x6299,North Riley,Iowa
f7608345-ec17-40b8-92ed-4c617afcb7c7,"Pugh, George and Schwartz",Olivia Haynes,054.113.0952x0560,Donnaland,Kansas
3ded9cdb-80a7-44b2-98fe-a1603797512a,Olson-Williamson,Bryan Harris,001-248-703-9971x3388,Brianberg,Alaska
78893cc3-a2c7-4c22-b6e7-0fbcd9856311,"Mendoza, Hess and Wheeler",Bobby Hall,001-484-776-8650x84305,Port Ryanland,Indiana
97e768fb-69b3-46df-81e3-0b249b4489b7,Cardenas Inc,Jose Bolton,001-197-222-4254x04666,West Stephanietown,Wyoming
5405a029-3e39-4d8f-911f-7ca0f8ed0467,Bryant-Morris,Dr. Caroline Briggs,6790259122,Port Miranda,Alabama
c0f9c773-055c-4bc1-9f03-61ed980a2ab4,Garcia Ltd,Gloria Stanley,(765)763-5941x69440,Hickmanbury,Maine
9c835e49-ca2d-4154-a075-06a41016b760,"Parker, Butler and Allen",Alicia Rocha,498.482.7475x43538,Austinland,Arizona
50c5790b-3d04-484f-847e-2c45606528c0,Camacho and Sons,Anna Thompson,8407480566,Smithbury,Minnesota
0626d237-4eb0-497c-9085-32379516e66e,"Allen, Harris and Riley",Kevin Duncan,(294)001-6932,South Debra,Alaska
6105eaf8-1109-414e-98e7-96e623b2fd03,Diaz-White,Stacy Mcguire,502-027-8353x33871,Turnertown,Alaska
bbe34cdb-4bdd-4307-a688-fb550e9bbc37,Montgomery LLC,Tracie Smith,217-460-4963x783,North Nathanland,Colorado
0ad44e14-5a33-4b70-8ec7-9b121d61a0ec,"Cross, Collins and Sanders",Jeremy Walker,001-878-689-4215x85741,Wongberg,Alaska
a76ab021-15de-49ec-88e9-011036d04f26,Carter-Hicks,Kiara Diaz,9623953549,East Laurenmouth,Michigan
325d3442-638c-423b-961a-852f38f24244,Robertson-Johnson,Susan Dodson,-8795,Gordonmouth,Florida
472dba92-b105-420b-8681-322f881cd15c,Bailey-Jones,Christopher Li,001-719-121-6531x330,West Mariaport,Minnesota
f47b52d0-bb5d-453f-84d3-63af8f9a040e,White-Holmes,William Hopkins,(717)023-2556x5690,Feliciaview,Minnesota
295592ff-c3d9-4f67-8a99-a2e7fe57021d,Brown-Walters,John Miller MD,-1837,Williamfort,Ohio
b7e05134-0d7f-4c08-8595-e4f6d4d5f2b0,Nichols-Anderson,Joseph Bates,+1-213-136-5137x7847,Shaneside,New Hampshire
a9a778cf-d220-4797-8489-b3cc3b6f9bf1,Alexander LLC,Kevin Brock,277.645.0329x79414,Port Patricia,Indiana
ba984c84-8d78-4673-9030-759379f23f99,Glenn-Hayden,Savannah Myers,599.118.5326x81188,Sergioborough,New Jersey
652287da-0696-43e7-b68f-b5abd2217972,"Miller, Martinez and Andrews",Sharon Hayes,990-067-9693,Johnsonmouth,Montana
1ebab75e-e7f7-4507-bc6b-52d5ede69681,Morgan Group,Connie Frederick,907160437,Moniquefort,Maryland
60eec086-2aed-44c1-9cb6-d80f90601463,Pugh-Klein,Mitchell White,+1-085-753-6938x88800,South Steven,Minnesota
87354196-8cee-44e7-bc9c-95475fc4887b,Peterson Ltd,Jay Wright,+1-950-521-5522x6409,Lake Ellen,Maryland
a8bce84c-0b7b-4b57-8dc7-9349ec596c1d,"Porter, Wood and Kline",Jodi Martin,(978)343-9774,Bridgeshaven,Kentucky
3911de31-9181-493d-bdaf-a458d38230b8,"Weber, Munoz and Ayala",Amy Phillips,354-486-2604x38262,South Nathanport,Delaware
4670bc2c-7d71-4a16-ac0c-8ef90492c57b,Arnold Group,Jessica Patterson,+1-730-816-6511x17658,Cynthiatown,North Carolina
8eeac64e-788d-42b4-b03b-1cf3f6e29d33,Jacobs Inc,Jacob Jones,+1-228-584-2454x66452,Jonathanberg,Kansas
9739e139-664d-478d-a30a-b5902d024371,Salas-Gutierrez,Timothy Scott,+1-586-385-6947x61604,North Williamtown,Vermont
d36c203f-3e32-49be-903e-40a0371a9b1b,"Miller, Bolton and Woodard",Donna Sloan,972-719-8036x486,New Theresaside,California
75f09dc0-9a02-48a6-a750-1edbda1a2c79,"Torres, Colon and Dodson",Lisa Mitchell,+1-149-984-2635x9346,Benderberg,Arkansas
a3d57f8a-2b7e-4b57-8c46-612d630186d4,Richardson-Hernandez,William Hicks,+1-575-156-3257x3314,Port Catherine,West Virginia
3d614049-2038-40f5-808e-7d868545e10f,Turner-Hamilton,Jason Wilson,+1-454-705-6982x7980,Forbesbury,Michigan
36fed59e-2a82-4990-84b6-29f4babbc7c3,Garcia Ltd,Julia Brown,-9325,New Brandon,South Carolina
7a35d062-7ae9-425f-8e83-0c80c5e0c16c,Mercado LLC,Stephen Hanna,001-773-015-6404,South Williamfurt,Indiana
